tree
version=v4
num_class=1
num_tree_per_iteration=1
label_index=0
max_feature_idx=1
objective=lambdarank
feature_names=Proximity_(km) AvgRating
feature_infos=[0.45000000000000001:4.5] [3.8900000000000001:4.9900000000000002]
tree_sizes=957 1788 1903 1582 1590 1691 1594 1495 1501 1815 1715 1817 2033 1831 1619 1935 1732 1835 1724 1621 1631 1738 1853 1742 1736 1857 1967 1962 1856 1860 1855 1754 1757 1647 1640 1536 1650 1757 1768 1662 1662 1770 1882 2328 1883 1773 1668 1784 1775 1780 1669 1671 1781 1782 1564 2001 1569 1563 2113 1453 1791 1787 1238 1240 1230 1899 1227 1342 1572 1238 1350 1129 1354 1244 1246 1243 1133 1353 1131 1136 1795 1137 1028 1360 1142 1466 1470 1029 1137 1360 1028 1033 921 1040 1144 1032 811 1040 920 922

Tree=0
num_leaves=8
num_cat=0
split_feature=0 1 1 1 0 1 0
split_gain=134.765 13.6504 5.35148 0.959079 0.839848 0.394124 0.00681279
threshold=1.6650000000000003 4.6150000000000011 4.6850000000000014 4.535000000000001 1.1600000000000001 4.5050000000000008 1.0300000000000002
decision_type=2 2 2 2 2 2 2
left_child=2 5 3 -1 -5 -2 -4
right_child=1 -3 6 4 -6 -7 -8
leaf_value=0.060717141096408279 -0.19999999999999996 0.02152877310838151 0.19568262713288243 0.097116519356286179 0.16247147087154024 -0.15212884575859059 0.20000000000000001
leaf_weight=3.2344276309013393 19.638609331101186 3.3380697071552268 6.5028187036514273 4.5724206119775754 3.4497757777571678 1.8848946020007122 8.3459133952856046
leaf_count=24 213 25 22 33 17 22 26
internal_value=1.65189e-09 -0.166627 0.158688 0.106687 0.125221 -0.195808 0.198109
internal_weight=50.9669 24.8616 26.1054 11.2566 8.0222 21.5235 14.8487
internal_count=382 260 122 74 50 235 48
is_linear=0
shrinkage=0.1


Tree=1
num_leaves=16
num_cat=0
split_feature=0 1 0 1 0 0 1 1 0 1 1 0 1 1 1
split_gain=207.377 50.8542 21.837 11.0839 2.93844 0.877535 0.285138 0.00583912 0.00333733 0.00231145 0.00217826 0.00035418 0.00130511 0.000912915 0.000151411
threshold=2.1900000000000008 4.495000000000001 0.97500000000000009 4.6850000000000014 1.0300000000000002 1.0300000000000002 4.6250000000000009 4.4600000000000009 3.8050000000000002 4.1750000000000007 4.1750000000000007 2.9750000000000005 4.2550000000000008 4.2650000000000006 4.3450000000000006
decision_type=2 2 2 2 2 2 2 2 2 2 2 2 2 2 2
left_child=1 2 -1 4 -3 -5 7 8 10 -10 -2 13 -13 -12 -15
right_child=6 3 -4 5 -6 -7 -8 -9 9 -11 11 12 -14 14 -16
leaf_value=0.059081753391768202 -0.17246829805325237 0.11922546172518114 -0.18493111625472891 0.14901610623932759 0.052849563146810156 0.18101281410003864 -0.19323760123203751 -0.17499606000608478 -0.17114090848293936 -0.17478583088537314 -0.17076858742327897 -0.16916979684078626 -0.1713518576500378 -0.16837139986630825 -0.16935955036468742
leaf_weight=6.8778688162565214 4.2844449644908336 13.162939488887789 7.8570983447134495 13.18097849190235 13.520048707723616 24.51002562046051 7.1361811459064475 3.9841166678816071 3.6484371647238723 3.3258274551481009 3.9114602766931075 4.9134192876517755 6.1995636560022831 3.4093730263411999 2.8442717269062996
leaf_count=13 19 28 34 22 35 35 15 20 20 20 21 25 33 23 19
internal_value=9.72545e-10 0.0965507 -0.0710328 0.13491 0.0855933 0.169823 -0.174955 -0.171383 -0.17094 -0.172879 -0.170411 -0.169997 -0.170387 -0.16957 -0.168821
internal_weight=122.766 79.109 14.735 64.374 26.683 37.691 43.6571 36.5209 32.5368 6.97426 25.5625 21.2781 11.113 10.1651 6.25364
internal_count=382 167 47 120 63 57 215 200 180 40 140 121 58 63 42
is_linear=0
shrinkage=0.1


Tree=2
num_leaves=17
num_cat=0
split_feature=0 1 1 0 0 1 1 1 1 0 1 0 1 0 1 0
split_gain=98.8037 32.2218 9.25465 7.40802 2.22406 1.40924 0.0541721 0.0428558 0.00521309 0.000347993 0.00160076 0.00140837 0.000370641 0.000774285 0.000216034 2.06451e-06
threshold=2.1900000000000008 4.6650000000000009 4.495000000000001 0.97500000000000009 0.95500000000000007 4.5950000000000006 4.745000000000001 4.6450000000000005 4.4850000000000012 3.9350000000000005 4.1750000000000007 3.6250000000000004 4.3750000000000009 2.9850000000000008 4.2750000000000012 3.2950000000000004
decision_type=2 2 2 2 2 2 2 2 2 2 2 2 2 2 2 2
left_child=1 2 3 -1 -3 -4 -6 8 9 10 -2 12 13 14 -12 -15
right_child=7 4 5 -5 6 -7 -8 -9 -10 -11 11 -13 -14 15 -16 -17
leaf_value=0.0042728883701423203 -0.15485541641897371 0.10398480617409663 0.07127921425248146 -0.16195576379893173 0.15581445522559098 0.010641632123990512 0.16585712281006393 -0.1666634119512421 -0.15712968174553055 -0.15169140517855731 -0.15305304731868127 -0.15442106763696953 -0.15309449910605813 -0.15079685802119405 -0.15186620528193431 -0.15066378749563988
leaf_weight=5.3611405491828936 3.0989532843232288 10.149782255291941 7.9948624372482282 5.3627075217664242 10.851718440651895 7.3619291186332703 10.635574445128439 2.5734792798757544 2.8749608695507041 3.5014540869742623 2.9322178987786156 2.7671642107889047 2.2898856252431861 2.1832150593400002 3.2155958921648562 2.5019870027899742
leaf_count=13 19 27 25 34 26 23 19 14 19 30 23 22 18 19 30 21
internal_value=3.55539e-10 0.0747233 -0.00756896 -0.0788536 0.142563 0.04221 0.160785 -0.154367 -0.15312 -0.152607 -0.152776 -0.152371 -0.151939 -0.151694 -0.152432 -0.150726
internal_weight=85.6566 57.7177 26.0806 10.7238 31.6371 15.3568 21.4873 27.9389 25.3654 22.4905 18.989 15.8901 13.1229 10.833 6.14781 4.6852
internal_count=382 167 95 47 72 48 45 215 201 182 152 133 111 93 53 40
is_linear=0
shrinkage=0.1


Tree=3
num_leaves=14
num_cat=0
split_feature=0 1 0 1 0 1 1 0 0 1 1 0 1
split_gain=65.5967 19.8006 5.99459 0.559456 0.491198 0.249685 0.0157893 0.00147816 0.000716824 0.000803772 0.000736618 0.00114959 0.00042531
threshold=2.1900000000000008 4.6850000000000014 1.6100000000000001 4.5550000000000006 1.0600000000000003 4.7250000000000005 4.495000000000001 3.9350000000000005 3.6250000000000004 4.1750000000000007 4.3750000000000009 3.0550000000000002 4.3050000000000006
decision_type=2 2 2 2 2 2 2 2 2 2 2 2 2
left_child=1 2 3 -1 -5 -3 7 8 9 -2 11 12 -11
right_child=6 5 -4 4 -6 -7 -8 -9 -10 10 -12 -13 -14
leaf_value=0.013305618525030975 -0.14306193456088145 0.1278587346268851 -0.09162809491141416 0.02956949068050618 0.072780236027638709 0.15111526236702838 -0.14817256158500433 -0.13894434219833485 -0.14295674681689111 -0.14057303721877504 -0.14257630261407234 -0.13876810388531949 -0.1423640658778895
leaf_weight=7.7950145155191484 1.9157852753996909 7.111933887004855 4.8124119304120532 5.992193475365637 4.6895193010568619 13.156113713979719 3.8726194053888312 2.6451255716383448 2.78213196247816 3.5179425440728647 1.9659937806427468 2.7943720184266567 2.1278180442750454
leaf_count=29 15 23 37 26 18 34 32 30 26 37 19 33 23
internal_value=7.2015e-10 0.0706811 0.00778285 0.0336752 0.04854 0.142955 -0.142387 -0.141125 -0.141507 -0.14118 -0.140833 -0.140427 -0.141248
internal_weight=65.179 43.5572 23.2891 18.4767 10.6817 20.268 21.6218 17.7492 15.104 12.3219 10.4061 8.44013 5.64576
internal_count=382 167 110 73 44 57 215 183 153 127 112 93 60
is_linear=0
shrinkage=0.1


Tree=4
num_leaves=14
num_cat=0
split_feature=0 1 1 0 0 1 1 0 0 1 1 0 0
split_gain=46.809 13.7774 4.29921 4.19161 0.317628 0.234224 0.00966701 0.00168496 0.00160762 0.000895138 0.000201324 0.00260043 0.0010178
threshold=2.1900000000000008 4.6850000000000014 4.495000000000001 0.97500000000000009 1.1600000000000001 4.7250000000000005 4.4450000000000012 3.9350000000000005 3.7150000000000003 4.1950000000000012 4.3050000000000006 2.8950000000000005 2.9050000000000007
decision_type=2 2 2 2 2 2 2 2 2 2 2 2 2
left_child=1 2 3 -1 -4 -3 7 8 9 -2 12 -12 -11
right_child=6 5 4 -5 -6 -7 -8 -9 -10 10 11 -13 -14
leaf_value=0.018277299206464717 -0.13443806095919633 0.1177006759289226 0.02725859383349169 -0.1458486671299479 0.058413020427307553 0.14280878537024541 -0.13862773366345735 -0.13013951275556629 -0.13598100975203631 -0.13374722374482004 -0.13024637893146818 -0.13554464234530675 -0.13049093052896879
leaf_weight=3.2892114520072964 2.3312616646289843 5.7710434384644058 7.242590591311453 2.9531255476176739 5.9699778780341148 10.430566944181917 3.4859288744628421 2.1110707819461814 1.7750323340296734 1.5420391932129858 1.9704105667769911 1.7482838146388529 2.5425069406628609
leaf_count=13 24 23 36 34 27 34 37 30 20 19 28 21 36
internal_value=5.39562e-10 0.0657492 0.00902373 -0.0593674 0.0413354 0.133865 -0.133915 -0.132743 -0.133205 -0.132719 -0.132205 -0.132737 -0.13172
internal_weight=53.1631 35.6565 19.4549 6.24234 13.2126 16.2016 17.5065 14.0206 11.9095 10.1345 7.80324 3.71869 4.08455
internal_count=382 167 110 47 63 57 215 178 148 128 104 49 55
is_linear=0
shrinkage=0.1


Tree=5
num_leaves=15
num_cat=0
split_feature=0 1 1 0 0 1 1 1 0 0 1 0 0 1
split_gain=33.608 10.6906 2.36656 2.77109 0.41939 0.65435 0.230639 0.00635276 0.00150954 0.00108828 0.0007708 0.000138998 0.000287497 0.00114481
threshold=2.1900000000000008 4.6850000000000014 4.495000000000001 0.97500000000000009 1.2850000000000004 4.6350000000000007 4.7250000000000005 4.4450000000000012 3.9350000000000005 3.7150000000000003 4.1950000000000012 3.3150000000000004 2.9750000000000005 4.2750000000000012
decision_type=2 2 2 2 2 2 2 2 2 2 2 2 2 2
left_child=1 2 3 -1 5 -4 -3 8 9 10 -2 12 13 -12
right_child=7 6 4 -5 -6 -7 -8 -9 -10 -11 11 -13 -14 -15
leaf_value=0.015226637848761104 -0.12848431119682607 0.10987332797819074 0.074472076918186525 -0.13532653231558353 0.0037813910485578494 0.015905360258228262 0.13744101809187359 -0.13202989919056846 -0.12386638813365616 -0.12968151456976221 -0.12823838040487109 -0.12525798083054346 -0.12758731271707816 -0.12449577015321725
leaf_weight=2.7685563713312211 1.8727948851883391 4.7366946823894969 3.7873174324631673 2.189350662752986 3.6561882868409157 3.8438733443617821 8.4464758895337564 2.7612594217061988 1.634575106203555 1.4467118456959713 1.3184406012296679 1.3149551562964914 1.4693087600171564 2.150254238396883
leaf_count=13 24 23 22 34 20 21 34 37 30 20 19 22 25 38
internal_value=-3.4337e-11 0.0606291 0.00633363 -0.0512558 0.0316294 0.0449717 0.127536 -0.127734 -0.126675 -0.127155 -0.126705 -0.126172 -0.126415 -0.125918
internal_weight=43.3968 29.4285 16.2453 4.95791 11.2874 7.63119 13.1832 13.9683 11.207 9.57247 8.12575 6.25296 4.938 3.46869
internal_count=382 167 110 47 63 43 57 215 178 148 128 104 82 57
is_linear=0
shrinkage=0.1


Tree=6
num_leaves=14
num_cat=0
split_feature=0 1 1 0 0 1 0 1 0 0 1 0 1
split_gain=24.1133 8.84596 1.79534 1.96141 0.226591 0.385276 0.225839 0.00389024 0.00109241 0.00101238 0.000547493 0.000269179 0.000989503
threshold=2.1900000000000008 4.6850000000000014 4.495000000000001 0.97500000000000009 1.2850000000000004 4.6350000000000007 0.97500000000000009 4.4450000000000012 3.9350000000000005 3.7150000000000003 4.2150000000000007 2.7600000000000002 4.3050000000000006
decision_type=2 2 2 2 2 2 2 2 2 2 2 2 2
left_child=1 2 3 -1 5 -4 -3 8 9 10 -2 -12 -13
right_child=7 6 4 -5 -6 -7 -8 -9 -10 -11 11 12 -14
leaf_value=0.0080309190680017805 -0.12343087613280264 0.10209884101812344 0.062120111661874845 -0.12816657773916387 0.0042781001287714466 0.013676895708111456 0.13278890502144877 -0.12682108855228483 -0.11934116933482163 -0.12526466242469644 -0.12031909811746466 -0.12029703397162628 -0.12397347069396066
leaf_weight=2.4172224104404476 2.0569113977253419 3.5916062891483289 3.1164536066353303 1.8795656934380529 3.2339449524879456 3.469460591673851 7.2133801430463791 2.2221743073314419 1.2047153599560259 1.1872916854918001 1.4167027529329059 1.583619384095073 1.3614836037158964
leaf_count=13 35 20 22 34 20 21 37 37 30 20 31 36 26
internal_value=2.69389e-10 0.0544889 0.00236572 -0.0515466 0.0259557 0.0366002 0.122587 -0.123082 -0.122139 -0.122582 -0.122086 -0.121452 -0.121997
internal_weight=35.9545 24.9216 14.1166 4.29679 9.81986 6.58591 10.805 11.0329 8.81072 7.60601 6.41872 4.36181 2.9451
internal_count=382 167 110 47 63 43 57 215 178 148 128 93 62
is_linear=0
shrinkage=0.1


Tree=7
num_leaves=13
num_cat=0
split_feature=0 1 1 0 0 1 1 0 0 1 0 1
split_gain=17.981 7.28488 1.33139 1.41135 0.267085 0.229097 0.00257524 0.000939698 0.000854121 0.000404027 0.00024959 0.000749569
threshold=2.1900000000000008 4.6850000000000014 4.495000000000001 0.97500000000000009 1.1600000000000001 4.7250000000000005 4.4450000000000012 3.9350000000000005 3.7150000000000003 4.2150000000000007 2.7600000000000002 4.3050000000000006
decision_type=2 2 2 2 2 2 2 2 2 2 2 2
left_child=1 2 3 -1 -4 -3 7 8 9 -2 -11 -12
right_child=6 5 4 -5 -6 -7 -8 -9 -10 10 11 -13
leaf_value=0.0022499688303081345 -0.11989282524148076 0.097356126814949567 0.0052732541072284846 -0.1235178942644273 0.040485602584970158 0.13073770936855952 -0.12292749121972089 -0.11573157924109599 -0.12184238841556674 -0.11676600114980747 -0.11693490933113333 -0.12049854805597876
leaf_weight=2.1313962563872404 1.6871642284095267 3.2115439195185882 4.6796090677380544 1.5347687657922504 3.9912929832935333 5.7135169245302677 1.7956744600087402 0.93372131884098042 0.98040391877293576 1.105507727712393 1.2746356986463072 1.0992570146918295
leaf_count=13 35 23 36 34 27 34 37 30 20 31 36 26
internal_value=-3.46096e-10 0.0499069 0.000120842 -0.0504003 0.0214818 0.118726 -0.119545 -0.118687 -0.119136 -0.118623 -0.118007 -0.118585
internal_weight=30.1385 21.2621 12.3371 3.66617 8.6709 8.92506 8.87636 7.08069 6.14697 5.16656 3.4794 2.37389
internal_count=382 167 110 47 63 57 215 178 148 128 93 62
is_linear=0
shrinkage=0.1


Tree=8
num_leaves=13
num_cat=0
split_feature=0 1 0 0 1 1 1 0 0 1 0 1
split_gain=13.875 5.92768 1.42966 0.647007 0.473772 0.220495 0.00196532 0.000685462 0.00052069 0.000315033 0.000192338 0.000547499
threshold=2.1900000000000008 4.6850000000000014 1.6100000000000001 1.1600000000000001 4.5950000000000006 4.7250000000000005 4.4450000000000012 3.9350000000000005 3.7150000000000003 4.2150000000000007 2.7600000000000002 4.3050000000000006
decision_type=2 2 2 2 2 2 2 2 2 2 2 2
left_child=1 2 3 4 -1 -3 7 8 9 -2 -11 -12
right_child=6 5 -4 -5 -6 -7 -8 -9 -10 10 11 -13
leaf_value=0.025322107409575096 -0.11724546104893314 0.092601991852869575 -0.077081176567699292 0.058930255261356514 -0.029848625994375173 0.12839832215993943 -0.12012272037567578 -0.11320525346514068 -0.11878980343530772 -0.11419058131137734 -0.11439597163352733 -0.1177564941748423
leaf_weight=3.2943017389625364 1.3973093666136254 2.7087612133473149 1.997870536521076 2.5622862484306097 2.9506466686725616 4.7178056538105011 1.4831864610314367 0.74231328349560488 0.80595326796174038 0.88737465813756022 1.0371344815939663 0.91035062074661244
leaf_count=26 35 23 37 21 26 34 37 30 20 31 36 26
internal_value=-2.92234e-11 0.046564 -0.000708565 0.0166161 -0.000745256 0.115342 -0.116875 -0.116042 -0.11646 -0.116017 -0.115411 -0.115967
internal_weight=25.4953 18.2317 10.8051 8.80723 6.24495 7.42657 7.26362 5.78044 5.03812 4.23217 2.83486 1.94749
internal_count=382 167 110 73 52 57 215 178 148 128 93 62
is_linear=0
shrinkage=0.1


Tree=9
num_leaves=16
num_cat=0
split_feature=0 1 1 0 0 0 0 0 1 0 0 1 0 1 0
split_gain=11.1584 4.6146 0.900367 0.698819 0.238991 0.154578 0.00342429 0.00208681 0.00134264 0.000602807 0.000524174 0.000226141 0.000171056 0.000390347 2.6689e-05
threshold=2.1900000000000008 4.6850000000000014 4.495000000000001 0.85500000000000009 0.93500000000000016 1.2850000000000004 0.93500000000000016 1.1450000000000002 4.3450000000000006 2.8950000000000005 3.9350000000000005 4.285000000000001 3.5550000000000002 4.2150000000000007 3.4950000000000006
decision_type=2 2 2 2 2 2 2 2 2 2 2 2 2 2 2
left_child=1 2 3 -1 -3 6 -4 -6 10 -10 11 12 13 -2 -11
right_child=8 4 5 -5 7 -7 -8 -9 9 14 -12 -13 -14 -15 -16
leaf_value=0.0012186289187254978 -0.11531398645806075 0.083248725788499248 0.03395004431655451 -0.10188221245076844 0.12297016909904031 -0.00075138784939481106 0.028380080637693081 0.1274387955442825 -0.11440782805751429 -0.11832740689772803 -0.11074780972124443 -0.11256418888360019 -0.1157922627274113 -0.11235066632964918 -0.11745253788446715
leaf_weight=1.3523418307304402 0.97007262427359842 1.9766953196376551 2.0976729840040207 1.2793475072830913 1.9239783994853494 2.3413406722247601 2.3294097259640694 2.287589006125927 0.79571977816522155 0.64236864726990439 0.58126628212630738 0.8219443717971443 0.70794603973627079 0.82050913572311401 0.76272169221192598
leaf_count=10 28 16 20 37 16 20 23 25 28 18 28 33 22 34 24
internal_value=2.10387e-10 0.0448762 0.00073094 -0.048902 0.111934 0.0200291 0.0310193 0.125397 -0.114632 -0.116607 -0.113518 -0.114003 -0.114476 -0.113956 -0.117853
internal_weight=21.6909 15.5884 9.40011 2.63169 6.18826 6.76842 4.42708 4.21157 6.10255 2.20081 3.90174 3.32047 2.49853 1.79058 1.40509
internal_count=382 167 110 47 57 63 43 41 215 70 145 117 84 62 42
is_linear=0
shrinkage=0.1


Tree=10
num_leaves=15
num_cat=0
split_feature=0 1 1 1 0 1 0 1 0 0 1 0 1 1
split_gain=8.77715 3.87239 0.695449 0.224413 0.211915 0.15513 0.0989142 0.00106703 0.000499661 0.000399569 0.000150403 8.73449e-05 0.000180987 4.25469e-05
threshold=2.1900000000000008 4.6850000000000014 4.495000000000001 4.2350000000000012 0.93500000000000016 4.6450000000000005 1.2850000000000004 4.3450000000000006 2.8950000000000005 3.8650000000000007 4.285000000000001 3.3150000000000004 4.2150000000000007 4.535000000000001
decision_type=2 2 2 2 2 2 2 2 2 2 2 2 2 2
left_child=1 2 3 -1 -3 6 -4 9 -9 10 11 12 -2 -10
right_child=7 4 5 -5 -6 -7 -8 8 13 -11 -12 -13 -14 -15
leaf_value=-0.011446113255660979 -0.11344133789176872 0.081063550888969993 0.021023935270741471 -0.074635209081325718 0.12386400650973695 0.039541414267030194 -0.010453042553111663 -0.1125746908648865 -0.11660676891533168 -0.10937430466678853 -0.11100909507187817 -0.11361114825065768 -0.11099410321115835 -0.11541269849405206
leaf_weight=0.99111130926758262 0.60761214606463887 1.7367164334282268 2.0733832437545066 1.2982278866693375 3.4645249098539352 2.0795859135687351 1.925399240106344 0.65439896658062924 0.60000934265553929 0.56966781802475441 0.6723466096445917 0.72719192784279574 0.6012288648635149 0.59365036245435476
leaf_count=14 21 16 25 33 41 21 17 28 19 33 33 28 30 23
internal_value=1.05177e-10 0.0418139 -0.000303992 -0.0472791 0.109573 0.0173886 0.00586788 -0.112885 -0.114795 -0.111774 -0.112298 -0.112745 -0.112224 -0.116013
internal_weight=18.5951 13.5689 8.36771 2.28934 5.20124 6.07837 3.99878 5.02611 1.84806 3.17805 2.60838 1.93603 1.20884 1.19366
internal_count=382 167 110 47 57 63 42 215 70 145 112 79 51 42
is_linear=0
shrinkage=0.1


Tree=11
num_leaves=16
num_cat=0
split_feature=0 1 1 1 0 1 1 0 0 0 0 0 1 0 0
split_gain=7.03276 3.24529 0.507338 0.200374 0.1888 0.135147 0.000891831 0.000348559 0.000265229 0.000141148 0.000148524 0.000107817 0.000130257 7.09829e-05 3.13128e-05
threshold=2.1900000000000008 4.6850000000000014 4.495000000000001 4.7250000000000005 1.1600000000000001 4.2350000000000012 4.4150000000000009 3.9350000000000005 3.7150000000000003 2.4850000000000008 2.8200000000000007 2.9850000000000008 4.1950000000000012 3.2400000000000007 3.4600000000000004
decision_type=2 2 2 2 2 2 2 2 2 2 2 2 2 2 2
left_child=1 2 5 -3 -4 -1 7 8 9 -2 -11 -12 -13 -8 -14
right_child=6 3 4 -5 -6 -7 13 -9 -10 10 11 12 14 -15 -16
leaf_value=-0.014776860632525483 -0.11244818190029704 0.079405558394041009 -0.0023631072138371352 0.12359660124190337 0.034988239164379438 -0.06666118194472033 -0.11318359200398637 -0.10803217647191257 -0.11336700153034424 -0.1083471141851806 -0.1118244818254452 -0.1116548215806958 -0.10862241919596871 -0.11484929101325923 -0.11000694169635397
leaf_weight=0.90597817674279424 0.38282028120011125 1.6253870371729133 2.9052436854690313 2.7826847685500979 2.5333317946642637 1.125975416973233 0.46320843650028087 0.41855875402688969 0.4442619839683174 0.31156378611922253 0.57787934690713871 0.35494860820472218 0.34585157223045826 0.57145885657519102 0.30956225004047155
leaf_count=14 17 23 36 34 27 33 20 30 19 21 27 14 24 25 18
internal_value=0 0.0392572 -0.000893504 0.107302 0.0150354 -0.0435277 -0.111557 -0.110719 -0.111132 -0.110696 -0.110343 -0.110735 -0.110112 -0.114104 -0.109276
internal_weight=16.0587 11.8786 7.47053 4.40807 5.43858 2.03195 4.18011 3.14545 2.72689 2.28263 1.89981 1.58824 1.01036 1.03467 0.655414
internal_count=382 167 110 57 63 47 215 170 140 121 104 83 56 45 42
is_linear=0
shrinkage=0.1


Tree=12
num_leaves=18
num_cat=0
split_feature=0 1 1 0 0 0 1 0 1 0 0 0 0 1 1 0 1
split_gain=5.73768 2.70602 0.408253 0.85484 0.53545 0.190587 0.156519 0.00157423 0.000788478 0.000261028 0.000133301 0.000161266 0.000108573 0.000127279 0.000155031 6.7512e-05 4.37196e-06
threshold=2.1900000000000008 4.6850000000000014 4.535000000000001 0.97500000000000009 1.1600000000000001 0.93500000000000016 4.495000000000001 1.1450000000000002 4.4150000000000009 3.9350000000000005 3.7150000000000003 2.4850000000000008 2.8600000000000008 4.3050000000000006 4.1950000000000012 3.2550000000000003 4.2350000000000012
decision_type=2 2 2 2 2 2 2 2 2 2 2 2 2 2 2 2 2
left_child=1 2 3 -1 -4 -3 -5 -7 9 10 11 -2 -13 14 -14 -10 -16
right_child=8 5 4 6 -6 7 -8 -9 15 -11 -12 12 13 -15 16 -17 -18
leaf_value=0.026740443680689969 -0.11168059727295483 0.074475141112736107 -0.011429694415203376 -0.12026707894394875 0.062334585511901047 0.1189274934249436 -0.052404451067410422 0.12401832416874381 -0.11215903697529109 -0.10704943913955385 -0.11175654470396415 -0.10757707533488713 -0.11046758600862161 -0.11129533064304116 -0.1081673112882004 -0.11390526609534042 -0.10757925848325858
leaf_weight=1.294298749417065 0.33332086261362048 1.3236040039919319 2.3850150648504496 0.68917089933529474 1.675317484885454 1.1515699778683486 0.67054444178938866 1.2854754719883201 0.42094390839338292 0.34087705891579378 0.36891145911067713 0.30846302770078171 0.42331847455352523 0.34908114466816187 0.25327535159885883 0.467052370775491 0.25243847211822867
leaf_count=15 17 16 33 34 21 16 7 25 21 30 19 24 19 20 19 24 22
internal_value=-1.63067e-10 0.0371081 -0.000929909 -0.0314294 0.0190059 0.105022 -0.0868006 0.121613 -0.110501 -0.109631 -0.110016 -0.109681 -0.109261 -0.109667 -0.109056 -0.113077 -0.107874
internal_weight=13.9927 10.475 6.71435 2.65401 4.06033 3.76065 1.35972 2.43705 3.51768 2.62969 2.28881 1.9199 1.58658 1.27811 0.929032 0.887996 0.505714
internal_count=382 167 110 56 54 57 41 41 215 170 140 121 104 80 60 45 41
is_linear=0
shrinkage=0.1


Tree=13
num_leaves=16
num_cat=0
split_feature=0 1 1 0 1 1 1 0 0 0 0 0 0 1 1
split_gain=4.62931 2.34859 0.571321 0.440835 0.343359 0.005178 0.000487978 0.000181131 0.000118338 0.000105584 9.41477e-05 7.48011e-05 9.68052e-05 4.56744e-05 1.32354e-05
threshold=2.1900000000000008 4.705000000000001 4.6450000000000005 1.0050000000000001 4.535000000000001 4.7600000000000007 4.4150000000000009 3.9350000000000005 3.7150000000000003 2.4850000000000008 3.1050000000000004 2.8950000000000005 2.9850000000000008 4.1950000000000012 4.2750000000000012
decision_type=2 2 2 2 2 2 2 2 2 2 2 2 2 2 2
left_child=1 2 3 -1 -5 -3 7 8 9 -2 -8 -11 -13 -14 -15
right_child=6 5 -4 4 -6 -7 10 -9 -10 11 -12 12 13 14 -16
leaf_value=0.022506285794229686 -0.11035019478632652 0.12554940872219741 0.045205977786007608 -0.082614702324396883 -0.0099974603203722753 0.11619983646693693 -0.11020655041582231 -0.10618346294775705 -0.11071534083533095 -0.106932430210622 -0.11250114664785137 -0.11021535375286802 -0.10909936019464482 -0.10687202016051062 -0.10796163268283324
leaf_weight=1.7732297051697949 0.28194100456312465 1.1620122566819193 2.3221136489883065 1.1626790729351344 1.4799335710704324 1.2082945145666597 0.30137164727784682 0.27185712847858656 0.31445238599553693 0.33690170571207978 0.43969671754166484 0.28414977178908885 0.25307176355272532 0.22273511486127973 0.22318253293633461
leaf_count=26 17 24 33 40 23 21 19 30 19 31 26 17 14 22 20
internal_value=-2.20498e-10 0.0351687 0.00505083 -0.0160651 -0.0419471 0.120783 -0.10935 -0.108599 -0.108942 -0.108594 -0.111568 -0.108218 -0.108659 -0.108026 -0.107417
internal_weight=12.0376 9.10826 6.73796 4.41584 2.64261 2.37031 2.92936 2.18829 1.91643 1.60198 0.741068 1.32004 0.983139 0.698989 0.445918
internal_count=382 167 122 89 63 45 215 170 140 121 45 104 73 56 42
is_linear=0
shrinkage=0.1


Tree=14
num_leaves=14
num_cat=0
split_feature=0 1 1 0 1 0 1 0 0 1 1 0 0
split_gain=3.77827 1.96864 0.333683 0.262275 0.18133 0.116107 0.000287237 0.000125865 0.000154351 2.65379e-05 4.35075e-05 0.000122154 1.16714e-05
threshold=2.1900000000000008 4.6850000000000014 4.495000000000001 0.85500000000000009 4.7150000000000007 1.1600000000000001 4.4600000000000009 3.9350000000000005 3.7550000000000003 4.2150000000000007 4.3050000000000006 2.8950000000000005 2.8950000000000005
decision_type=2 2 2 2 2 2 2 2 2 2 2 2 2
left_child=1 2 3 -1 -3 -4 7 8 9 -2 12 -12 -11
right_child=6 4 5 -5 -6 -7 -8 -9 -10 10 11 -13 -14
leaf_value=-0.005925902056853713 -0.10833255120230428 0.064727198889161355 -0.0038509359934315113 -0.093924500090562607 0.11956585305725645 0.030759295947598908 -0.1105113130713278 -0.10558958489914778 -0.11045091607619413 -0.10727127503117058 -0.10644649491433927 -0.10938610693000035 -0.10622454894668137
leaf_weight=0.76348037645220557 0.49463757779449347 0.89199831895530257 2.0659650769084696 0.60873745335265994 1.8608840641099957 1.8259644033387301 0.4999525062739848 0.22299682977609325 0.24295259825885285 0.1892488091252742 0.26528909523040056 0.30260424804873765 0.24370607594028115
leaf_count=10 35 17 36 37 40 27 35 30 17 16 30 22 30
internal_value=-9.51017e-10 0.0332722 -0.00256265 -0.0449635 0.101797 0.012387 -0.108372 -0.107826 -0.108113 -0.107733 -0.107437 -0.108013 -0.106682
internal_weight=10.4784 8.01703 5.26415 1.37222 2.75288 3.89193 2.46139 1.96144 1.73844 1.49549 1.00085 0.567893 0.432955
internal_count=382 167 110 47 57 63 215 180 150 133 98 52 46
is_linear=0
shrinkage=0.1


Tree=15
num_leaves=17
num_cat=0
split_feature=0 1 1 0 0 1 1 1 0 0 0 0 0 0 1 0
split_gain=3.14909 1.66274 0.264845 0.355041 0.343947 0.160142 0.146424 0.00028703 7.62423e-05 7.9205e-05 5.14187e-05 3.56721e-05 4.19237e-05 2.94397e-05 2.2507e-05 5.90933e-06
threshold=2.1900000000000008 4.6850000000000014 4.535000000000001 0.97500000000000009 1.1600000000000001 4.7150000000000007 4.5050000000000008 4.4150000000000009 3.9350000000000005 3.7150000000000003 2.4850000000000008 2.8950000000000005 2.9850000000000008 3.2550000000000003 4.1950000000000012 3.4600000000000004
decision_type=2 2 2 2 2 2 2 2 2 2 2 2 2 2 2 2
left_child=1 2 3 -1 -4 -3 -5 8 9 10 -2 -12 -13 -9 -14 -16
right_child=7 5 4 6 -6 -7 -8 13 -10 -11 11 12 14 -15 15 -17
leaf_value=0.011500215047389127 -0.10831093683256368 0.063601041283809431 -0.012922878693107591 -0.11601778361554345 0.056619592621076381 0.11850071314390986 -0.035316675491377549 -0.10882889442309945 -0.10503412004909402 -0.10891898150650225 -0.10547473318087069 -0.10812797039614022 -0.1072786644806836 -0.11027251235351708 -0.10545380970682885 -0.10633623828089299
leaf_weight=0.90943746641278245 0.20193573134019993 0.80158775253221426 1.7041052896529438 0.4660096624866128 1.2206176631152628 1.5759403125848619 0.43441684730350971 0.26996975834481407 0.18301035463809956 0.22563273669220496 0.23144695488736033 0.2003434004727751 0.1854805254843086 0.29630746156908572 0.15684576076455414 0.14702784526161849
leaf_count=15 17 17 33 36 21 40 5 21 30 19 31 17 14 24 24 18
internal_value=3.91838e-10 0.0317588 -0.00250495 -0.0325709 0.0161003 0.0999912 -0.077083 -0.107661 -0.106949 -0.107209 -0.106866 -0.106549 -0.106909 -0.109584 -0.106411 -0.105881
internal_weight=9.21012 7.11211 4.73459 1.80986 2.92472 2.37753 0.900427 2.098 1.53172 1.34871 1.12308 0.921144 0.689698 0.566277 0.489354 0.303874
internal_count=382 167 110 56 54 57 41 215 170 140 121 104 73 45 56 42
is_linear=0
shrinkage=0.1


Tree=16
num_leaves=15
num_cat=0
split_feature=1 0 1 0 1 0 1 0 0 0 1 0 0 0
split_gain=2.65005 0.872754 0.332643 0.408155 0.131115 0.0687684 6.45618e-05 7.68573e-05 6.0657e-05 4.75923e-05 3.27401e-05 4.55442e-05 7.39053e-06 2.05971e-07
threshold=4.6450000000000005 1.6100000000000001 4.7250000000000005 0.95500000000000007 4.5050000000000008 1.0050000000000001 4.2750000000000012 2.8950000000000005 2.3650000000000007 2.7900000000000005 4.1950000000000012 3.5250000000000004 3.5250000000000004 3.3150000000000004
decision_type=2 2 2 2 2 2 2 2 2 2 2 2 2 2
left_child=1 5 3 -2 6 -1 9 8 -8 -3 11 -11 -12 -9
right_child=2 4 -4 -5 -6 -7 7 13 -10 10 12 -13 -14 -15
leaf_value=0.010251281017445825 -0.0093654886506250538 -0.10744559380534878 0.10893714440743484 0.082019052075827811 -0.053715664157859166 -0.023400358374866714 -0.10722729692926265 -0.108253748511787 -0.10490873112512929 -0.10724054684666047 -0.10415659564862363 -0.10509173810581281 -0.10523283798142168 -0.10810726773052511
leaf_weight=1.2661027107387783 0.84214765625074584 0.15789874037727736 1.2782856411067767 1.1646459694020448 0.65514910360798229 1.16698432713747 0.27225432894192636 0.17674954154063016 0.19269668450579047 0.18291348358616233 0.14340780081693083 0.21407891088165343 0.11494768736883998 0.21010226174257696
leaf_count=26 17 15 40 35 24 26 34 17 30 13 28 36 18 23
internal_value=3.49027e-10 -0.0477331 0.0690665 0.0436697 -0.0916129 -0.00588909 -0.106524 -0.107133 -0.106266 -0.105887 -0.105512 -0.106082 -0.104635 -0.108174
internal_weight=8.03836 4.75329 3.28508 2.00679 2.3202 2.43309 1.66505 0.851803 0.464951 0.813247 0.655348 0.396992 0.258355 0.386852
internal_count=382 290 92 52 238 52 214 104 64 110 95 49 46 40
is_linear=0
shrinkage=0.1


Tree=17
num_leaves=16
num_cat=0
split_feature=0 1 1 0 1 0 0 0 1 1 0 0 1 0 0
split_gain=2.21845 1.21277 0.288358 0.121773 0.0871802 0.182089 0.1271 0.000535215 0.000239178 4.42804e-05 0.000100431 3.90974e-05 1.97033e-05 1.57756e-05 7.51347e-07
threshold=2.1900000000000008 4.6850000000000014 4.3250000000000011 0.93500000000000016 4.6450000000000005 1.0300000000000002 1.5450000000000002 1.1450000000000002 4.495000000000001 4.2750000000000012 2.8950000000000005 2.9050000000000007 4.1950000000000012 3.5750000000000006 3.4150000000000005
decision_type=2 2 2 2 2 2 2 2 2 2 2 2 2 2 2
left_child=1 2 -1 -3 5 -4 -7 -5 9 11 -11 -2 13 -13 -12
right_child=8 3 4 7 -6 6 -8 -9 -10 10 14 12 -14 -15 -16
leaf_value=-0.056524931382084545 -0.10657273472746687 0.062389918753079303 0.041956914505425227 0.11491964806623559 0.036496857563332673 -0.056761430278340255 0.00408041105712158 0.11925922154749968 -0.10902216431582708 -0.1048546410452703 -0.10744947657286799 -0.10613977999457221 -0.10403509993019862 -0.10468924284362753 -0.10774420182142851
leaf_weight=0.78318522172048721 0.18840135517530121 0.63127058371901501 0.6996183907613166 0.55174791847821303 0.95650978852063406 0.57298590708523967 0.85674702690448612 0.58611625933554024 0.30744198674801726 0.21428228076547384 0.16180401667952538 0.14019648730754852 0.17714489751961082 0.16117149381898344 0.18585102108772844
leaf_count=22 21 16 19 16 21 17 31 25 32 38 18 13 39 32 22
internal_value=-5.71166e-10 0.0290267 -0.00233486 0.0976135 0.0114185 0.000153197 -0.0203028 0.117155 -0.106528 -0.105904 -0.106557 -0.105352 -0.104872 -0.105364 -0.107607
internal_weight=7.17447 5.63818 3.86905 1.76913 3.08586 2.12935 1.42973 1.13786 1.53629 1.22885 0.561937 0.666914 0.478513 0.301368 0.347655
internal_count=382 167 110 57 88 67 48 41 215 183 78 105 84 45 40
is_linear=0
shrinkage=0.1


Tree=18
num_leaves=15
num_cat=0
split_feature=0 1 1 1 0 0 1 1 1 0 0 1 1 0
split_gain=1.85716 1.04139 0.300832 0.140031 0.167631 0.0492409 0.00200776 0.000196065 3.64895e-05 6.78389e-05 2.53146e-05 1.47288e-05 9.69652e-06 1.71521e-07
threshold=2.1900000000000008 4.6450000000000005 4.705000000000001 4.2650000000000006 1.6100000000000001 1.0300000000000002 4.7600000000000007 4.495000000000001 4.2750000000000012 2.8950000000000005 2.9050000000000007 4.1950000000000012 4.1550000000000011 3.4150000000000005
decision_type=2 2 2 2 2 2 2 2 2 2 2 2 2 2
left_child=1 3 -3 -1 5 -5 -4 8 10 -10 -2 12 -12 -11
right_child=7 2 6 4 -6 -7 -8 -9 9 13 11 -13 -14 -15
leaf_value=-0.058638050585822034 -0.10587019286790136 0.043704685429934692 0.11932520977294213 0.034094302624743549 -0.048949824638240852 -0.0027006794244806916 0.11063188786414618 -0.1083674544237937 -0.1044766936665808 -0.10685467968563783 -0.1042925539177712 -0.1035851293750342 -0.10553007242540369 -0.10700746749208467
leaf_weight=0.59222026390489224 0.16039982798974939 1.3377411327091979 0.53110672510229029 0.68861135188490175 0.57850784389302123 0.77083867345936596 0.53156921546906233 0.27211163484025735 0.18158147030044347 0.14092561008874327 0.14266344241332263 0.14656151016242802 0.11383900186046958 0.15351219533476979
leaf_count=16 21 33 24 21 32 20 21 32 38 18 30 39 15 22
internal_value=5.34151e-10 0.0276309 0.0752571 -0.0158349 -0.0033965 0.0146603 0.114977 -0.105978 -0.105352 -0.105997 -0.104808 -0.104385 -0.104842 -0.106934
internal_weight=6.34219 5.0306 2.40042 2.63018 2.03796 1.45945 1.06268 1.31159 1.03948 0.476019 0.563464 0.403064 0.256502 0.294438
internal_count=382 167 78 89 73 41 45 215 183 78 105 84 45 40
is_linear=0
shrinkage=0.1


Tree=19
num_leaves=14
num_cat=0
split_feature=0 1 1 0 0 1 1 1 0 1 0 1 1
split_gain=1.54977 0.903653 0.199011 0.104955 0.0979991 0.0786057 0.000147617 3.64095e-05 6.17155e-05 2.92207e-05 1.61555e-05 1.02191e-05 5.91682e-06
threshold=2.1900000000000008 4.6850000000000014 4.495000000000001 0.93500000000000016 1.1600000000000001 4.2350000000000012 4.495000000000001 4.2750000000000012 2.8950000000000005 4.745000000000001 2.9050000000000007 4.1950000000000012 4.1550000000000011
decision_type=2 2 2 2 2 2 2 2 2 2 2 2 2
left_child=1 2 5 -3 -4 -1 7 10 -9 -5 -2 12 -12
right_child=6 3 4 9 -6 -7 -8 8 -10 -11 11 -13 -14
leaf_value=-0.012150963471385405 -0.10518971842239096 0.057578479230344863 -0.0079543472510868237 0.11495329651717293 0.033003967023421669 -0.074060374265185067 -0.10768177503415921 -0.1039491737513886 -0.10649431943798843 0.11611922166367822 -0.10383569291719884 -0.10315821003845536 -0.10489169662230979
leaf_weight=0.38212086388375643 0.13563430629437767 0.48957698058802612 1.2144690239802005 0.41175489564193413 1.1255810847505925 0.44267837912775576 0.23684488155413419 0.1506795174209401 0.25909548113122582 0.44974530395120382 0.1181894950568676 0.1202814196003601 0.096283174585551023
leaf_count=14 21 16 36 22 27 33 32 38 40 19 30 39 15
internal_value=-8.4941e-10 0.0260868 -0.00314066 0.094551 0.0117469 -0.0453784 -0.105466 -0.104869 -0.105558 0.115562 -0.104269 -0.103896 -0.10431
internal_weight=5.63293 4.51593 3.16485 1.35108 2.34005 0.824799 1.11701 0.880163 0.409775 0.8615 0.470388 0.334754 0.214473
internal_count=382 167 110 57 63 47 215 183 78 41 105 84 45
is_linear=0
shrinkage=0.1


Tree=20
num_leaves=14
num_cat=0
split_feature=1 0 1 0 1 0 1 1 1 0 0 1 1
split_gain=1.38633 0.471638 0.187621 0.174833 0.0823434 0.103012 0.118716 6.26517e-05 1.77496e-05 2.13031e-05 1.33543e-05 7.01021e-06 4.48544e-06
threshold=4.6450000000000005 2.1900000000000008 4.7250000000000005 0.95500000000000007 4.2650000000000006 1.6100000000000001 4.5550000000000006 4.4150000000000009 4.2750000000000012 2.8950000000000005 2.9050000000000007 4.1950000000000012 4.1550000000000011
decision_type=2 2 2 2 2 2 2 2 2 2 2 2 2
left_child=1 4 3 -2 -1 6 -6 8 10 -10 -3 12 -12
right_child=2 7 -4 -5 5 -7 -8 -9 9 -11 11 -13 -14
leaf_value=-0.053549317296480596 -0.00076099023869600113 -0.1048164648347637 0.10495411840688346 0.073411901195341148 0.040253652027493474 -0.045474481797351585 -0.023421597921451293 -0.10638066771796806 -0.10364183454395895 -0.10554251389377861 -0.10346467943862923 -0.10287851130907462 -0.10445672942071887
leaf_weight=0.49346043448895294 0.55915312957949959 0.11727352195885021 0.72399461228633288 0.73617804661625996 0.59812226309441008 0.49115930404514063 0.57358682109043002 0.19399096124107018 0.085112081374973059 0.19198349269572645 0.10016869095852599 0.10085410386091098 0.083625225583091378
leaf_count=16 17 21 40 35 18 32 23 31 29 36 30 39 15
internal_value=3.4588e-10 -0.0427833 0.0641823 0.0413938 -0.017677 -0.00703178 0.0090827 -0.104796 -0.104343 -0.104959 -0.103918 -0.103548 -0.103916
internal_weight=5.04866 3.02934 2.01933 1.29533 2.15633 1.66287 1.17171 0.873008 0.679017 0.277096 0.401922 0.284648 0.183794
internal_count=382 290 92 52 89 73 41 201 170 65 105 84 45
is_linear=0
shrinkage=0.1


Tree=21
num_leaves=15
num_cat=0
split_feature=0 1 1 0 1 1 1 1 0 0 1 0 1 0
split_gain=1.1688 0.718328 0.196364 0.0834966 0.155075 0.00103347 0.000165454 2.89641e-05 2.57305e-05 7.59841e-06 5.04855e-06 4.95277e-06 5.17738e-06 3.41194e-06
threshold=2.1900000000000008 4.6450000000000005 4.705000000000001 1.0050000000000001 4.535000000000001 4.7600000000000007 4.5250000000000012 4.2750000000000012 3.3050000000000002 2.9050000000000007 4.1950000000000012 2.8950000000000005 4.4150000000000009 3.5250000000000004
decision_type=2 2 2 2 2 2 2 2 2 2 2 2 2 2
left_child=1 3 -3 -1 -5 -4 7 9 11 -2 13 12 -9 -11
right_child=6 2 5 4 -6 -7 -8 8 -10 10 -12 -13 -14 -15
leaf_value=0.0091152886232287733 -0.10426843167514144 0.043617315182106535 0.11625424903032888 -0.071683113990353167 0.00027000051739720798 0.10858982292871705 -0.10757924319437794 -0.10321667736873819 -0.10598539803795022 -0.10409851025289524 -0.10261163671675136 -0.10480870830889036 -0.1044615193314147 -0.10316284058329024
leaf_weight=0.77535880170762572 0.10044167237356294 1.0032708122744223 0.36010003485716868 0.55646211415296398 0.64872529357671738 0.34398677002172917 0.18160047932178713 0.070832797791808844 0.12410455668577924 0.068659503012895584 0.084768862987402827 0.077346125559415668 0.063239016802981496 0.090134054189547896
leaf_count=26 21 33 24 40 23 21 29 29 24 9 39 16 12 36
internal_value=9.48155e-10 0.0244937 0.0720274 -0.0164834 -0.0329524 0.11251 -0.104898 -0.104181 -0.104842 -0.103537 -0.103235 -0.104171 -0.103804 -0.103567
internal_weight=4.54903 3.6879 1.70736 1.98055 1.20519 0.704087 0.861127 0.679527 0.335522 0.344004 0.243562 0.211418 0.134072 0.158794
internal_count=382 167 78 89 63 45 215 186 81 105 84 57 41 45
is_linear=0
shrinkage=0.1


Tree=22
num_leaves=16
num_cat=0
split_feature=0 1 1 0 0 1 1 1 0 1 0 1 0 1 1
split_gain=0.985287 0.622257 0.139067 0.072605 0.0646691 0.046082 0.000106044 2.16879e-05 2.33527e-05 1.56425e-05 5.87325e-06 4.07573e-06 3.27815e-06 3.17934e-06 2.03058e-06
threshold=2.1900000000000008 4.6850000000000014 4.495000000000001 0.93500000000000016 1.1600000000000001 4.2350000000000012 4.5250000000000012 4.2750000000000012 3.3050000000000002 4.7150000000000007 2.9050000000000007 4.1950000000000012 2.8950000000000005 4.4150000000000009 4.1550000000000011
decision_type=2 2 2 2 2 2 2 2 2 2 2 2 2 2 2
left_child=1 2 5 -3 -4 -1 7 10 12 -5 -2 14 13 -9 -12
right_child=6 3 4 9 -6 -7 -8 8 -10 -11 11 -13 -14 -15 -16
leaf_value=-0.016373716728667314 -0.10391870262055006 0.055866733863066967 -0.0080492579962803731 0.11393607933241674 0.030186846399966896 -0.070572022701537993 -0.10677301005633069 -0.10291706457079675 -0.10560750890907411 0.11290745192016759 -0.10290439000360957 -0.10232416524232101 -0.10430897565983732 -0.10397838097703123 -0.10367860692427655
leaf_weight=0.3042159217293382 0.087826728704385348 0.34837568894727144 0.91465908242389538 0.2881932218442671 0.85657912120223045 0.32391006365651265 0.1559712337621022 0.058975482766982168 0.10908233787631616 0.30356156046036631 0.073448130919132382 0.070321686216630042 0.066687605780316517 0.054135237238369882 0.062876386858988553
leaf_count=14 21 16 36 15 27 33 29 29 24 26 30 39 16 12 15
internal_value=-7.24239e-10 0.0231255 -0.0038948 0.0920857 0.0104419 -0.0443225 -0.104457 -0.103838 -0.104453 0.113408 -0.103234 -0.102943 -0.103753 -0.103425 -0.103261
internal_weight=4.07882 3.33949 2.39936 0.94013 1.77124 0.628126 0.739325 0.583354 0.288881 0.591755 0.294473 0.206646 0.179798 0.113111 0.136325
internal_count=382 167 110 57 63 47 215 186 81 41 105 84 57 41 45
is_linear=0
shrinkage=0.1


Tree=23
num_leaves=15
num_cat=0
split_feature=1 0 1 0 1 0 1 1 0 1 0 1 0 1
split_gain=0.887954 0.311424 0.124109 0.102783 0.0625072 0.067743 0.0387465 2.7742e-05 2.84956e-05 1.13867e-05 4.88262e-06 2.76651e-06 1.90763e-06 1.57646e-06
threshold=4.6450000000000005 2.1900000000000008 4.7250000000000005 0.95500000000000007 4.2650000000000006 1.0300000000000002 4.535000000000001 4.2750000000000012 3.8050000000000002 4.4150000000000009 2.9050000000000007 4.1950000000000012 3.0100000000000002 4.1550000000000011
decision_type=2 2 2 2 2 2 2 2 2 2 2 2 2 2
left_child=1 4 3 -2 -1 -6 -7 10 9 12 -3 13 -9 -12
right_child=2 7 -4 -5 5 6 -8 8 -10 -11 11 -13 -14 -15
leaf_value=-0.052869390315095355 0.0028570952177185602 -0.1036390358534804 0.10131798916517894 0.068484922866364414 0.02604081509099886 -0.048922892269224839 -0.0055472113772720762 -0.10356888652693513 -0.10616227810557868 -0.10467893578651542 -0.10262362334320707 -0.10213212126499477 -0.10280477642545843 -0.10335670446371358
leaf_weight=0.39082032430451441 0.42482261441182323 0.077776914840796851 0.49375147451064549 0.5445274572703056 0.41445748484693445 0.34786759328562766 0.50475991773419082 0.089323471736861393 0.069964908645488322 0.10145394664141349 0.062217182770837098 0.059393105941126123 0.05151594991912134 0.055503870127722621
leaf_count=16 17 21 40 35 21 31 21 36 11 26 30 39 23 15
internal_value=1.12528e-09 -0.0397885 0.0605095 0.0397232 -0.0179071 -0.00712335 -0.0232443 -0.103753 -0.104385 -0.103871 -0.102979 -0.102689 -0.103289 -0.102969
internal_weight=3.68816 2.22505 1.4631 0.96935 1.65791 1.26708 0.852628 0.567149 0.312258 0.242293 0.254891 0.177114 0.140839 0.117721
internal_count=382 290 92 52 89 73 52 201 96 85 105 84 59 45
is_linear=0
shrinkage=0.1


Tree=24
num_leaves=15
num_cat=0
split_feature=0 1 1 1 1 1 1 1 0 0 0 1 1 1
split_gain=0.758306 0.512148 0.1351 0.0541002 0.0849071 0.000549871 0.00012391 1.37547e-05 1.36945e-05 3.96915e-06 3.35012e-06 2.07643e-06 1.22111e-06 9.38726e-07
threshold=2.1900000000000008 4.6450000000000005 4.705000000000001 4.2650000000000006 4.5250000000000012 4.7600000000000007 4.5250000000000012 4.2750000000000012 3.7150000000000003 2.8950000000000005 2.9050000000000007 4.1950000000000012 4.1550000000000011 4.4150000000000009
decision_type=2 2 2 2 2 2 2 2 2 2 2 2 2 2
left_child=1 3 -3 -1 -5 -4 7 10 9 13 -2 12 -12 -9
right_child=6 2 5 4 -6 -7 -8 8 -10 -11 11 -13 -14 -15
leaf_value=-0.050177997112461896 -0.10328831021987635 0.043064081162770856 0.11380252095571336 0.037980346174261173 -0.022839498773177484 0.10705182832513566 -0.1066713569668561 -0.10254910279186934 -0.10520192373736433 -0.10384930463253172 -0.1023696060778933 -0.10191056362781233 -0.10306511967579533 -0.10322893516603758
leaf_weight=0.37253664282616306 0.067002115480136015 0.76496862032217883 0.25318236072780564 0.31462120593641862 0.84877910325303674 0.23052054969593883 0.14091830523102544 0.042802205658517778 0.054099171073175967 0.084734779869904742 0.05331582686631009 0.049863364780321717 0.047942327422788367 0.038653813098790124
leaf_count=16 21 33 24 36 37 21 29 29 11 29 30 39 15 12
internal_value=1.83676e-09 0.0216561 0.0692201 -0.017012 -0.00639184 0.110585 -0.104092 -0.103263 -0.10382 -0.10337 -0.1027 -0.102439 -0.102699 -0.102872
internal_weight=3.36394 2.78461 1.24867 1.53594 1.1634 0.483703 0.579332 0.438414 0.22029 0.166191 0.218124 0.151122 0.101258 0.081456
internal_count=382 167 78 89 73 45 215 186 81 70 105 84 45 41
is_linear=0
shrinkage=0.1


Tree=25
num_leaves=16
num_cat=0
split_feature=0 1 0 1 1 0 1 1 1 0 0 0 1 1 1
split_gain=0.664997 0.427873 0.125802 0.0711183 0.0481618 0.0989429 0.00598273 0.000105907 9.8659e-06 9.99492e-06 2.25237e-06 1.71696e-06 1.62512e-06 1.44497e-06 8.38662e-07
threshold=2.1900000000000008 4.6450000000000005 1.1050000000000002 4.6950000000000012 4.495000000000001 0.85500000000000009 4.5550000000000006 4.5250000000000012 4.2750000000000012 3.3050000000000002 2.9050000000000007 2.8950000000000005 4.1950000000000012 4.4250000000000007 4.1550000000000011
decision_type=2 2 2 2 2 2 2 2 2 2 2 2 2 2 2
left_child=1 4 3 -3 5 -1 -6 8 10 11 -2 13 14 -10 -12
right_child=7 2 -4 -5 6 -7 -8 -9 9 -11 12 -13 -14 -15 -16
leaf_value=-0.0002646119779837047 -0.10299808411947205 0.014846788269287915 0.1182786776003205 0.074663800155813559 0.0050884589373707779 -0.089830021482928929 -0.011243772186469665 -0.10630441969087925 -0.10218240440285722 -0.10438111667016226 -0.10220208145149784 -0.10339081834100031 -0.10173615360530229 -0.10309069204742526 -0.10281777565373762
leaf_weight=0.27253977721557088 0.059169703468796686 0.39186201186384984 0.33454970916500315 0.40334987890673801 0.50882389908656478 0.22530253842705861 0.40108849434182048 0.12990018268465064 0.03763360928860493 0.077537820703582838 0.046464007769827731 0.045980907016200945 0.041352586529683322 0.032763604438514449 0.042232506908476353
leaf_count=10 21 17 32 29 17 37 25 29 32 24 30 16 39 9 15
internal_value=8.49106e-11 0.0209937 0.0668315 0.0451874 -0.0157923 -0.0407982 -0.00211077 -0.103837 -0.103 -0.103502 -0.102487 -0.102916 -0.102254 -0.102605 -0.102495
internal_weight=3.05055 2.53752 1.12976 0.795212 1.40775 0.497842 0.909912 0.513035 0.383135 0.193916 0.189219 0.116378 0.130049 0.0703972 0.0886965
internal_count=382 167 78 46 89 47 42 215 186 81 105 57 84 41 45
is_linear=0
shrinkage=0.1


Tree=26
num_leaves=17
num_cat=0
split_feature=0 1 1 0 1 1 0 1 1 0 1 0 1 0 1 1
split_gain=0.572328 0.383733 0.0867574 0.0498673 0.0459543 0.0296304 0.00212469 7.58172e-05 7.97654e-06 8.53124e-06 3.3178e-06 1.5336e-06 1.21841e-06 1.16874e-06 6.50657e-07 5.55389e-07
threshold=2.1900000000000008 4.6850000000000014 4.495000000000001 0.93500000000000016 4.2350000000000012 4.6450000000000005 1.3450000000000004 4.5250000000000012 4.2750000000000012 3.3050000000000002 4.7150000000000007 2.9050000000000007 4.1950000000000012 2.8950000000000005 4.4150000000000009 4.1550000000000011
decision_type=2 2 2 2 2 2 2 2 2 2 2 2 2 2 2 2
left_child=1 2 4 -3 -1 6 -4 8 11 13 -5 -2 15 14 -10 -13
right_child=7 3 5 10 -6 -7 -8 -9 9 -11 -12 12 -14 -15 -16 -17
leaf_value=-0.0097931378722035146 -0.1027196457143798 0.052020024446311097 -0.0069411810406279006 0.11127176436163469 -0.073622336769919292 0.031000598757754447 0.0031770863128566564 -0.1057524127017419 -0.10205799961108129 -0.10410197990439903 0.11067554705605785 -0.10202451857544598 -0.10156676496314719 -0.10307659607375286 -0.10271468516559086 -0.10256271255272481
leaf_weight=0.22444283429649736 0.05147162613866374 0.23273922313819628 0.39526022621430434 0.19336186468717642 0.2267464357719291 0.41814286611042917 0.43695289641618729 0.11438992526382208 0.030624937760876492 0.069237182586221024 0.18042274049366824 0.040158939053071663 0.034585583474836312 0.040370887043536641 0.029740766709437594 0.036694497423013672
leaf_count=14 21 16 28 15 33 21 14 29 29 24 26 30 39 16 12 15
internal_value=3.02093e-10 0.0200631 -0.00428097 0.0883579 -0.0418707 0.00928323 -0.00162859 -0.103531 -0.102768 -0.103247 0.110984 -0.102268 -0.10206 -0.10266 -0.102382 -0.102281
internal_weight=2.75534 2.30807 1.70155 0.606524 0.451189 1.25036 0.832213 0.447274 0.332884 0.169974 0.373785 0.162911 0.111439 0.100737 0.0603657 0.0768534
internal_count=382 167 110 57 47 63 42 215 186 81 41 105 84 57 41 45
is_linear=0
shrinkage=0.1


Tree=27
num_leaves=17
num_cat=0
split_feature=0 1 1 0 0 0 1 1 1 1 0 0 1 0 1 0
split_gain=0.502849 0.339854 0.0794619 0.0728136 0.0744046 0.0969562 0.0446127 0.00030291 5.89409e-05 6.04418e-06 5.52479e-06 1.31224e-06 8.73544e-07 8.18109e-07 3.85767e-07 3.57513e-07
threshold=2.1900000000000008 4.6850000000000014 4.2650000000000006 1.6100000000000001 1.1600000000000001 0.82500000000000007 4.705000000000001 4.7600000000000007 4.5250000000000012 4.2750000000000012 3.3050000000000002 2.9050000000000007 4.1950000000000012 2.8950000000000005 4.1550000000000011 2.4450000000000007
decision_type=2 2 2 2 2 2 2 2 2 2 2 2 2 2 2 2
left_child=1 2 -1 4 5 -4 -3 -8 9 11 13 -2 14 15 -13 -11
right_child=8 6 3 -5 -6 -7 7 -9 -10 10 -12 12 -14 -15 -16 -17
leaf_value=-0.050587198668249338 -0.10252955352482218 0.050042229835112084 0.038186451733835766 -0.037183571223894707 0.058983901932821062 -0.038775804840035899 0.11198382038151199 0.10603529764881169 -0.10532039000503755 -0.10253360018879897 -0.10373387489035719 -0.10184891152998428 -0.10142494355681519 -0.10286483746611524 -0.10232918946083036 -0.10201126186557048
leaf_weight=0.29969756465288888 0.045906739978818112 0.20237725249899075 0.33301966148428597 0.29179078506422229 0.32335068250540644 0.32192503579426557 0.1837898065787158 0.16023980802856386 0.10484269328298979 0.023888223760877736 0.060855163261294365 0.034882967956946231 0.029347739779041149 0.036038365455169696 0.032126317149959505 0.029024501869571395
leaf_count=16 21 12 14 32 19 29 24 21 29 17 24 30 39 16 15 24
internal_value=-1.05878e-09 0.0193724 -0.00427082 0.00665829 0.0197348 0.000357186 0.0872975 0.109213 -0.103286 -0.102556 -0.103 -0.10209 -0.10188 -0.102497 -0.102079 -0.102247
internal_weight=2.5131 2.11619 1.56978 1.27009 0.978295 0.654945 0.546407 0.34403 0.396913 0.29207 0.149806 0.142264 0.096357 0.0889511 0.0670093 0.0529127
internal_count=382 167 110 94 62 43 57 45 215 186 81 105 84 57 45 41
is_linear=0
shrinkage=0.1


Tree=28
num_leaves=16
num_cat=0
split_feature=0 1 1 1 0 1 1 1 1 0 0 0 1 1 1
split_gain=0.43725 0.308823 0.0907235 0.0357881 0.0292651 0.0291685 0.000260501 4.39404e-05 5.15015e-06 5.075e-06 9.79936e-07 6.78103e-07 6.18861e-07 3.91991e-07 2.93469e-07
threshold=2.1900000000000008 4.6450000000000005 4.705000000000001 4.2650000000000006 1.0300000000000002 4.535000000000001 4.7600000000000007 4.5250000000000012 4.2750000000000012 3.3050000000000002 2.9050000000000007 2.8950000000000005 4.1950000000000012 4.1550000000000011 4.4150000000000009
decision_type=2 2 2 2 2 2 2 2 2 2 2 2 2 2 2
left_child=1 3 -3 -1 -5 -6 -4 8 10 11 -2 14 13 -12 -10
right_child=7 2 6 4 5 -7 -8 -9 9 -11 12 -13 -14 -15 -16
leaf_value=-0.047542273853024113 -0.10230814070501018 0.03982736046955869 0.11130271990138428 0.02245665567914475 -0.045234280718647067 0.0011907318921365196 0.10537328154537262 -0.10491499687192729 -0.10177927934893005 -0.10354490015525282 -0.1016311501960932 -0.10264136709376299 -0.10129547670631152 -0.10215696454581483 -0.10228914196669361
leaf_weight=0.27779655938502423 0.041570490895537549 0.53927513616508793 0.16059740778291598 0.25041826302185655 0.23729411390377209 0.31497102580033243 0.13755792127631139 0.093225690645340364 0.022199367493158206 0.05507757105078781 0.02836925262818113 0.031798082825844176 0.024851342750480399 0.028342315665213391 0.022969754827499855
leaf_count=16 21 33 24 21 31 21 21 29 29 24 30 16 39 15 12
internal_value=-5.41608e-10 0.0187211 0.0643012 -0.0166059 -0.00589924 -0.0187569 0.108567 -0.103057 -0.102378 -0.102812 -0.101913 -0.102288 -0.101712 -0.101894 -0.102039
internal_weight=2.26631 1.91791 0.83743 1.08048 0.802683 0.552265 0.298155 0.348404 0.255178 0.132045 0.123133 0.0769672 0.0815629 0.0567116 0.0451691
internal_count=382 167 78 89 73 52 45 215 186 81 105 57 84 45 41
is_linear=0
shrinkage=0.1


Tree=29
num_leaves=16
num_cat=0
split_feature=0 1 0 1 1 0 0 1 1 0 0 0 1 1 1
split_gain=0.381132 0.273734 0.0882881 0.0418972 0.0345394 0.0691891 0.018117 3.30546e-05 4.46308e-06 4.48504e-06 7.10336e-07 5.2012e-07 4.74861e-07 5.42609e-07 4.45267e-07
threshold=2.1900000000000008 4.6450000000000005 1.1050000000000002 4.6950000000000012 4.495000000000001 0.85500000000000009 1.3950000000000002 4.5250000000000012 4.2750000000000012 3.3050000000000002 2.9050000000000007 2.8950000000000005 4.1950000000000012 4.1750000000000007 4.4450000000000012
decision_type=2 2 2 2 2 2 2 2 2 2 2 2 2 2 2
left_child=1 4 3 -3 5 -1 -6 8 10 11 -2 14 13 -12 -10
right_child=7 2 -4 -5 6 -7 -8 -9 9 -11 12 -13 -14 -15 -16
leaf_value=-0.00012154452849193563 -0.10209942189101394 0.014441654346193964 0.11656711896199952 0.069636555508120174 -0.019866181597257632 -0.088729495212466675 0.013716428146610109 -0.10453259681740401 -0.10153017916885343 -0.10335788593564739 -0.10143028727127268 -0.10243096034218556 -0.10115500846003299 -0.10210115489239102 -0.1022074229362267
leaf_weight=0.18736517475917958 0.036226964904926606 0.2816716720117256 0.21813213100540452 0.26873939497454558 0.31774870457593352 0.16637480065401178 0.32489451230503619 0.084469752437144052 0.019614429518696852 0.049533019453519955 0.027523275297426153 0.02796968929033028 0.020921720504702535 0.02145393323735334 0.019221636648580898
leaf_count=10 21 17 32 29 29 37 13 29 34 24 34 16 39 11 7
internal_value=3.95429e-10 0.0178862 0.0627277 0.0413907 -0.0167016 -0.0417966 -0.00288817 -0.102848 -0.102209 -0.102637 -0.10174 -0.102102 -0.101554 -0.101724 -0.101865
internal_weight=2.07186 1.76493 0.768543 0.550411 0.996383 0.35374 0.642643 0.306934 0.222465 0.116339 0.106126 0.0668058 0.0698989 0.0489772 0.0388361
internal_count=382 167 78 46 89 47 42 215 186 81 105 57 84 45 41
is_linear=0
shrinkage=0.1


Tree=30
num_leaves=16
num_cat=0
split_feature=0 1 1 0 0 1 0 1 1 1 0 0 0 0 1
split_gain=0.333626 0.246405 0.059645 0.0507576 0.0396775 0.0199379 0.0106128 2.46965e-05 5.46811e-06 3.36692e-06 1.66934e-06 7.86356e-07 6.22784e-07 1.67833e-07 4.28182e-08
threshold=2.1900000000000008 4.6850000000000014 4.495000000000001 0.85500000000000009 0.93500000000000016 4.6450000000000005 1.3950000000000002 4.4150000000000009 4.705000000000001 4.5950000000000006 3.8050000000000002 2.9050000000000007 2.8200000000000007 3.4600000000000004 4.2650000000000006
decision_type=2 2 2 2 2 2 2 2 2 2 2 2 2 2 2
left_child=1 2 3 -1 -3 6 -4 10 -6 -9 11 12 -2 14 -13
right_child=7 4 5 -5 8 -7 -8 9 -10 -11 -12 13 -14 -15 -16
leaf_value=-0.0054802310143212581 -0.10170738803381524 0.04496559758409556 -0.01666640896802218 -0.085248299051393653 0.1098419958308568 0.029030929130966672 0.010203170572062189 -0.1032684870279716 0.1089069625941121 -0.10437787450212306 -0.10249139601689328 -0.10150939638307749 -0.10240022165666124 -0.1012894420388621 -0.10170521760665063
leaf_weight=0.17272503580898024 0.033506322200992256 0.15486029217572639 0.28259211347904056 0.1482273719884688 0.12415465336380294 0.29862550180405378 0.30635280953720212 0.057860684792103712 0.12603384673275286 0.051891344002797268 0.032319663812813815 0.024966691798908869 0.021172508226300124 0.029228844839963131 0.020201244944473729
leaf_count=10 38 16 29 37 11 21 13 26 30 19 39 25 13 36 19
internal_value=-4.14811e-10 0.0172471 -0.00537628 -0.04232 0.0847472 0.00798286 -0.0026896 -0.102636 0.109371 -0.103793 -0.101849 -0.101688 -0.101976 -0.101476 -0.101597
internal_weight=1.88472 1.61357 1.20852 0.320952 0.405049 0.88757 0.588945 0.271147 0.250189 0.109752 0.161395 0.129076 0.0546788 0.0743968 0.0451679
internal_count=382 167 110 47 57 63 42 215 41 45 170 131 51 80 44
is_linear=0
shrinkage=0.1


Tree=31
num_leaves=15
num_cat=0
split_feature=1 0 1 0 1 0 0 0 1 0 0 0 0 1
split_gain=0.293719 0.116138 0.0599711 0.0388815 0.029944 0.0312087 0.00184418 0.000384088 8.43475e-06 1.14761e-06 5.87772e-07 4.53586e-07 1.25994e-07 2.92833e-08
threshold=4.6450000000000005 2.1900000000000008 4.7250000000000005 0.95500000000000007 4.2650000000000006 1.6100000000000001 1.0950000000000004 1.1050000000000002 4.4150000000000009 3.8050000000000002 2.9050000000000007 2.8200000000000007 3.4600000000000004 4.2650000000000006
decision_type=2 2 2 2 2 2 2 2 2 2 2 2 2 2
left_child=1 4 3 -2 -1 7 -4 -6 9 10 11 -3 13 -12
right_child=2 8 6 -5 5 -7 -8 -9 -10 -11 12 -13 -14 -15
leaf_value=-0.048611067740958774 0.0010589393053700017 -0.10157157968242439 0.10598964433655854 0.057838289472184314 0.013585670372482856 -0.036701064159526058 0.086872043170832636 0.0073869396413084737 -0.10312593609168925 -0.1022642701796303 -0.10139047410243698 -0.10220041025964516 -0.10118331394358392 -0.10156275184980075
leaf_weight=0.22329224721761398 0.22382012291927833 0.029520016447349917 0.10179527752916329 0.2615254253760213 0.20865550171583891 0.21379520070331637 0.10005510650807992 0.1918852559174411 0.057732524921448203 0.028140876071120147 0.022123966886283597 0.018760739090794232 0.025661502368166111 0.017808356005843962
leaf_count=16 17 38 16 35 25 32 24 16 31 39 25 13 36 19
internal_value=-1.17984e-09 -0.033589 0.0507052 0.0316541 -0.0172497 -0.00585078 0.0965133 0.0106161 -0.102107 -0.101692 -0.101551 -0.101816 -0.101356 -0.101467
internal_weight=1.72457 1.03738 0.687196 0.485346 0.837628 0.614336 0.20185 0.400541 0.199748 0.142015 0.113875 0.0482808 0.0655938 0.0399323
internal_count=382 290 92 52 89 73 40 41 201 170 131 51 80 44
is_linear=0
shrinkage=0.1


Tree=32
num_leaves=15
num_cat=0
split_feature=0 1 1 1 0 0 1 1 1 0 0 0 0 1
split_gain=0.26744 0.202882 0.0642322 0.026955 0.0412503 0.0126411 0.00010563 2.46891e-05 3.39103e-06 1.02403e-06 4.74923e-07 4.05105e-07 8.51422e-08 2.00156e-08
threshold=2.1900000000000008 4.6450000000000005 4.705000000000001 4.495000000000001 0.85500000000000009 1.5450000000000002 4.7600000000000007 4.5250000000000012 4.4150000000000009 3.8050000000000002 2.9050000000000007 2.8200000000000007 3.4600000000000004 4.2650000000000006
decision_type=2 2 2 2 2 2 2 2 2 2 2 2 2 2
left_child=1 3 -3 4 -1 -5 -4 8 9 10 11 -2 13 -12
right_child=7 2 6 5 -6 -7 -8 -9 -10 -11 12 -13 -14 -15
leaf_value=-0.0064531581092926935 -0.10141042802405494 0.03720951193953375 0.10907651199069775 -0.019208732865542592 -0.083155048942736828 0.012352630829897782 0.10442642031295168 -0.10407633722864845 -0.10275993868094857 -0.10212414664441423 -0.10124774661656835 -0.10204490180029541 -0.10106521963456359 -0.10140052232370833
leaf_weight=0.15244764368981101 0.025444297960348305 0.39773973172850674 0.10865441471469239 0.24995341245085001 0.12982789098896319 0.25778182153590024 0.088751580027746968 0.067364423885010183 0.028548754631628981 0.024903648529289057 0.019168934493791312 0.016647371561703039 0.022177434060722589 0.015517565931077115
leaf_count=10 38 33 24 31 37 11 21 29 16 39 25 13 36 19
internal_value=-9.29822e-10 0.0162601 0.0603539 -0.0169575 -0.0417309 -0.00318474 0.106986 -0.102482 -0.101777 -0.101551 -0.101407 -0.101661 -0.101218 -0.101316
internal_weight=1.60493 1.38516 0.595146 0.790011 0.282276 0.507735 0.197406 0.219772 0.152408 0.123859 0.0989556 0.0420917 0.0568639 0.0346865
internal_count=382 167 78 89 47 42 45 215 186 170 131 51 80 44
is_linear=0
shrinkage=0.1


Tree=33
num_leaves=14
num_cat=0
split_feature=0 1 0 0 0 0 1 1 0 0 0 0 1
split_gain=0.243494 0.14121 0.0677205 0.0552309 0.0476841 0.0283216 1.94389e-05 2.64054e-06 6.93912e-07 3.59556e-07 2.95576e-07 6.43545e-08 6.17091e-09
threshold=1.6650000000000003 4.6850000000000014 1.1600000000000001 0.90500000000000014 2.1900000000000008 0.93500000000000016 4.4150000000000009 4.5950000000000006 3.8050000000000002 2.9050000000000007 2.8200000000000007 3.4600000000000004 4.205000000000001
decision_type=2 2 2 2 2 2 2 2 2 2 2 2 2
left_child=1 2 3 -1 -2 -3 8 -8 9 10 -6 12 -11
right_child=4 5 -4 -5 6 -7 7 -9 -10 11 -12 -13 -14
leaf_value=0.0079514939136404814 -0.032705177548080472 0.045147437265261485 0.051304465933258894 -0.056465665598775895 -0.1013016438805064 0.10830982949575202 -0.10288549763279026 -0.10399095559643089 -0.10192724783552312 -0.10125821045645476 -0.10187632848483189 -0.10097899170159307 -0.10116863777570512
leaf_weight=0.36823067942168541 0.19788924096792482 0.11757976316584973 0.2073384054529015 0.20844427455449477 0.02245927542753634 0.17916225523367757 0.044108272615630995 0.04235792094914359 0.021685165163944475 0.014604120380681707 0.014878738078550668 0.019509421099428437 0.016248590527538909
leaf_count=30 45 16 22 22 38 32 26 19 39 10 13 36 34
internal_value=1.87266e-10 0.0245281 0.00229004 -0.0153327 -0.0673257 0.0832826 -0.102306 -0.103427 -0.101421 -0.101295 -0.101531 -0.101121 -0.101211
internal_weight=1.4745 1.08076 0.784013 0.576675 0.393741 0.296742 0.195852 0.0864662 0.109385 0.0877001 0.037338 0.0503621 0.0308527
internal_count=382 122 74 52 260 48 215 45 170 131 51 80 44
is_linear=0
shrinkage=0.1


Tree=34
num_leaves=14
num_cat=0
split_feature=1 0 1 1 1 0 0 1 0 0 0 0 1
split_gain=0.217396 0.0812383 0.0389141 0.027776 0.028375 0.0234299 0.00999453 5.65168e-06 6.41658e-07 2.83267e-07 2.35514e-07 5.06147e-08 7.2107e-09
threshold=4.6450000000000005 2.1900000000000008 4.7250000000000005 4.495000000000001 4.2350000000000012 0.95500000000000007 1.5450000000000002 4.4150000000000009 3.8050000000000002 2.9050000000000007 2.8200000000000007 3.4600000000000004 4.205000000000001
decision_type=2 2 2 2 2 2 2 2 2 2 2 2 2
left_child=1 3 5 4 -1 -2 -5 8 9 10 -3 12 -11
right_child=2 7 -4 6 -6 -7 -8 -9 -10 11 -12 -13 -14
leaf_value=-0.01260899456151479 0.006503758154582014 -0.10119121681840848 0.093432463661543549 -0.018848343834550644 -0.081080768014280769 0.055992396334890032 0.011424770960189566 -0.10269198807496782 -0.10182864173618 -0.10115908599054345 -0.10173706788072392 -0.10088527253028801 -0.10105568622777482
leaf_weight=0.12727806689508725 0.17853365980408853 0.01988295989940525 0.14752885538655391 0.20804929762380198 0.1153920651122462 0.20610956358359545 0.22919605672359467 0.04327644633485761 0.019525207133483491 0.01305011437216308 0.013120287188939983 0.016970588605545345 0.013957682695036056
leaf_count=14 17 38 40 31 33 35 11 31 39 10 13 36 34
internal_value=8.81056e-10 -0.0323115 0.049769 -0.0180372 -0.045168 0.0330221 -0.00297973 -0.101742 -0.101317 -0.101187 -0.101408 -0.101021 -0.101106
internal_weight=1.35187 0.819699 0.532172 0.679915 0.24267 0.384643 0.437245 0.139783 0.0965068 0.0769816 0.0330032 0.0439784 0.0270078
internal_count=382 290 92 89 47 52 42 201 170 131 51 80 44
is_linear=0
shrinkage=0.1


Tree=35
num_leaves=13
num_cat=0
split_feature=0 1 0 1 1 1 1 0 0 0 0 1
split_gain=0.202098 0.11242 0.0418484 0.041315 0.0275765 1.72954e-05 4.16176e-06 4.00811e-07 2.41548e-07 1.43175e-07 4.46638e-08 5.2754e-09
threshold=1.6100000000000001 4.6450000000000005 2.1900000000000008 4.705000000000001 4.3250000000000011 4.6650000000000009 4.4150000000000009 3.8050000000000002 2.9050000000000007 2.8200000000000007 3.4600000000000004 4.1950000000000012
decision_type=2 2 2 2 2 2 2 2 2 2 2 2
left_child=1 4 -2 -3 -1 6 7 8 9 -4 11 -10
right_child=2 3 5 -5 -6 -7 -8 -9 10 -11 -12 -13
leaf_value=-0.039723419416772328 -0.032293686264053746 0.040127104972796229 -0.10115375488580802 0.10597201581914979 0.0099225956088819338 -0.10405757641298606 -0.1024666994131762 -0.1016562733239032 -0.10108881763812978 -0.10160178944883405 -0.10081728305313038 -0.10099515780406701
leaf_weight=0.18745053058955818 0.18081619587610476 0.31786695177652291 0.018140782620321261 0.13609280327455053 0.27754310841555707 0.037491904080525273 0.039031860309478361 0.017089763607145869 0.010764707149064634 0.01175397121005517 0.015017245924354938 0.013626146661408711
leaf_count=13 48 32 38 35 39 13 32 39 8 13 36 36
internal_value=-1.2654e-09 0.0244679 -0.0654139 0.0598668 -0.010091 -0.102173 -0.10161 -0.101223 -0.101116 -0.10133 -0.100953 -0.101036
internal_weight=1.26269 0.918953 0.343733 0.45396 0.464994 0.162916 0.125424 0.0863926 0.0693029 0.0298948 0.0394081 0.0243909
internal_count=382 119 263 67 52 215 202 170 131 51 80 44
is_linear=0
shrinkage=0.1


Tree=36
num_leaves=14
num_cat=0
split_feature=1 0 1 1 0 0 0 1 0 0 0 0 1
split_gain=0.172506 0.0655133 0.032168 0.0233916 0.0305451 0.0175013 0.0079185 3.51891e-06 3.39444e-07 2.0701e-07 1.10809e-07 3.12174e-08 3.5731e-09
threshold=4.6450000000000005 2.1900000000000008 4.7250000000000005 4.495000000000001 0.85500000000000009 0.95500000000000007 1.5450000000000002 4.4150000000000009 3.8050000000000002 2.9050000000000007 2.8200000000000007 3.4600000000000004 4.1950000000000012
decision_type=2 2 2 2 2 2 2 2 2 2 2 2 2
left_child=1 3 5 4 -1 -2 -5 8 9 10 -3 12 -11
right_child=2 7 -4 6 -6 -7 -8 -9 -10 11 -12 -13 -14
leaf_value=-0.0083884373183408037 0.0074340917817499221 -0.10106091132715221 0.091977778811756394 -0.018435274812804488 -0.083354000343302509 0.052746277872515762 0.010500453674332236 -0.10233003760032336 -0.10154583946714837 -0.10097494983515742 -0.10148007618347983 -0.1007321276348455 -0.1008923542213104
leaf_weight=0.11435737030114979 0.15810643958320725 0.015891728984570364 0.12020491535986366 0.17646867188159376 0.10358435102534713 0.18495091902150307 0.20379273989237845 0.035431291777058505 0.015152283796851407 0.0094188848852354567 0.010456508589413716 0.012978232184650551 0.011798272094893036
leaf_count=10 17 38 40 31 37 35 11 31 39 8 13 36 36
internal_value=8.95151e-10 -0.0309969 0.0474613 -0.0178982 -0.0440184 0.031863 -0.00292781 -0.101508 -0.101123 -0.101017 -0.101227 -0.100854 -0.100929
internal_weight=1.17259 0.70933 0.463262 0.598203 0.217942 0.343057 0.380261 0.111127 0.0756959 0.0605436 0.0263482 0.0341954 0.0212172
internal_count=382 290 92 89 47 52 42 201 170 131 51 80 44
is_linear=0
shrinkage=0.1


Tree=37
num_leaves=15
num_cat=0
split_feature=0 1 1 0 0 1 1 1 1 0 0 0 0 1
split_gain=0.170466 0.0964954 0.0516559 0.0346926 0.0254307 0.0127121 0.000233505 1.87512e-05 3.34243e-06 2.2923e-07 1.55062e-07 8.23723e-08 2.32711e-08 2.85316e-09
threshold=1.6100000000000001 4.2650000000000006 4.6850000000000014 2.1900000000000008 1.1600000000000001 4.705000000000001 4.6450000000000005 4.6650000000000009 4.4150000000000009 3.8050000000000002 2.9050000000000007 2.8200000000000007 3.4600000000000004 4.1950000000000012
decision_type=2 2 2 2 2 2 2 2 2 2 2 2 2 2
left_child=1 -1 4 -2 6 -4 -3 8 9 10 11 -5 13 -12
right_child=3 2 5 7 -6 -7 -8 -9 -10 -11 12 -13 -14 -15
leaf_value=-0.0463818923252515 -0.033391972819245171 0.001971006979798184 0.055372052071776756 -0.10097752420220996 0.055802476236463977 0.10529573925171337 0.0076079176105308538 -0.10410535722675802 -0.10226092506997637 -0.10140010114828941 -0.1008991169645797 -0.10135991512928928 -0.10067594052320557 -0.10082119974862465
leaf_weight=0.15705373474338558 0.16017392237154127 0.14916516715311445 0.094139495075069135 0.014138332649963559 0.14601919647247996 0.1113110825062904 0.144848536408972 0.035538681542675477 0.032684658834114089 0.013313115361597738 0.0085140826522547286 0.0093646194673056016 0.011511877152770467 0.010489632222743239
leaf_count=11 48 27 11 38 19 35 16 13 32 39 8 13 36 36
internal_value=-1.23257e-09 0.0239155 0.0410197 -0.0649009 0.0216898 0.0824202 0.00474808 -0.102132 -0.101431 -0.101028 -0.100937 -0.10113 -0.100788 -0.100856
internal_weight=1.09827 0.802537 0.645483 0.295729 0.440033 0.205451 0.294014 0.135555 0.100016 0.0673317 0.0540185 0.023503 0.0305156 0.0190037
internal_count=382 119 108 263 62 46 43 215 202 170 131 51 80 44
is_linear=0
shrinkage=0.1


Tree=38
num_leaves=15
num_cat=0
split_feature=0 1 0 0 1 0 1 1 0 0 0 0 0 1
split_gain=0.145758 0.0922886 0.0345257 0.0273148 0.0264453 0.00202144 1.40793e-05 2.88393e-06 1.98171e-07 1.28914e-07 1.07746e-07 6.22687e-08 1.69613e-08 1.92848e-09
threshold=1.6100000000000001 4.6450000000000005 2.1900000000000008 1.0300000000000002 4.2650000000000006 1.0300000000000002 4.6650000000000009 4.4150000000000009 3.8050000000000002 2.9050000000000007 2.8600000000000008 2.4450000000000007 3.4600000000000004 4.2650000000000006
decision_type=2 2 2 2 2 2 2 2 2 2 2 2 2 2
left_child=1 4 -2 -3 -1 -6 7 8 9 10 11 -4 13 -11
right_child=2 3 6 -5 5 -7 -8 -9 -10 12 -12 -13 -14 -15
leaf_value=-0.044710061944272399 -0.0305594607844837 0.036777410712571228 -0.10108565753565231 0.092771291759989258 0.019539316935179116 0.00073731148732825917 -0.10377349765431952 -0.10215040898738803 -0.10131120366513612 -0.10073914096657584 -0.10133196015660646 -0.10064403389908119 -0.10060408032532585 -0.10080798167248017
leaf_weight=0.14744162932765903 0.15204099319089437 0.22044973450738325 0.0062957193931652 0.14404492469020624 0.10775801967247389 0.12182882628985681 0.032909701594689977 0.030007814168129698 0.011866600269058836 0.0091885543606622377 0.0078763656283626915 0.0064778936002767296 0.0099060575976182008 0.0073041415807892909
leaf_count=11 48 36 14 31 21 20 13 32 39 25 10 27 36 19
internal_value=-4.79381e-10 0.0230256 -0.0623427 0.0589057 -0.0116617 0.00956215 -0.102006 -0.101352 -0.100946 -0.100854 -0.101041 -0.100862 -0.100708 -0.10077
internal_weight=1.0154 0.741523 0.273874 0.364495 0.377028 0.229587 0.121833 0.0889231 0.0589153 0.0470487 0.02065 0.0127736 0.0263988 0.0164927
internal_count=382 119 263 67 52 41 215 202 170 131 51 41 80 44
is_linear=0
shrinkage=0.1


Tree=39
num_leaves=14
num_cat=0
split_feature=1 0 1 1 0 0 0 1 0 0 0 0 1
split_gain=0.128746 0.0464156 0.0278367 0.0175827 0.0262233 0.0076275 0.00774106 2.48499e-06 1.71096e-07 1.05583e-07 9.65175e-08 1.12732e-08 1.29684e-09
threshold=4.6450000000000005 2.1900000000000008 4.6850000000000014 4.495000000000001 0.85500000000000009 0.93500000000000016 1.2100000000000002 4.4150000000000009 3.8050000000000002 2.9050000000000007 2.8600000000000008 3.4600000000000004 4.2650000000000006
decision_type=2 2 2 2 2 2 2 2 2 2 2 2 2
left_child=1 3 -2 4 -1 -4 -7 8 9 10 -3 12 -11
right_child=2 7 5 -5 -6 6 -8 -9 -10 11 -12 -13 -14
leaf_value=-0.0066317881588073314 0.01678117669366317 -0.10076825807086245 0.044679607867084872 -0.0039940605702248576 -0.082524804485300016 0.10572791183657304 0.05538733697376922 -0.10204464688861814 -0.10122485835971132 -0.10065795417335946 -0.10124155184668071 -0.10053963843144198 -0.10071855330975213
leaf_weight=0.094468088238500059 0.18024491848336766 0.010968724125632434 0.070374284083300154 0.30657202133443207 0.087883954030985478 0.076753433767407842 0.050740711304115393 0.027432625100118457 0.01057085664706392 0.0079460298757112469 0.0070961631308819042 0.0085306368732744886 0.0063564862130078845
leaf_count=10 24 41 16 42 37 18 34 31 39 25 10 36 19
internal_value=-1.53509e-09 -0.030105 0.0452097 -0.0186196 -0.0432082 0.0711062 0.0856931 -0.101276 -0.100866 -0.100774 -0.100954 -0.100631 -0.100685
internal_weight=0.945939 0.567826 0.378113 0.488924 0.182352 0.197868 0.127494 0.0789015 0.0514689 0.040898 0.0180649 0.0228332 0.0143025
internal_count=382 290 92 89 47 68 52 201 170 131 51 80 44
is_linear=0
shrinkage=0.1


Tree=40
num_leaves=14
num_cat=0
split_feature=0 1 0 1 0 0 1 1 0 0 0 0 1
split_gain=0.118742 0.0764081 0.0295922 0.0243616 0.0208006 0.000551154 1.22299e-05 2.36051e-06 1.26333e-07 7.84938e-08 6.98438e-08 8.34383e-09 9.92834e-10
threshold=1.6100000000000001 4.6450000000000005 2.1900000000000008 4.2650000000000006 1.0300000000000002 1.0300000000000002 4.6650000000000009 4.4150000000000009 3.8050000000000002 2.9050000000000007 2.8600000000000008 3.4600000000000004 4.2650000000000006
decision_type=2 2 2 2 2 2 2 2 2 2 2 2 2
left_child=1 3 -2 -1 -3 -5 7 8 9 10 -4 12 -11
right_child=2 4 6 5 -6 -7 -8 -9 -10 11 -12 -13 -14
leaf_value=-0.044635616167832563 -0.030317543436652612 0.036524198516798063 -0.10070233025614213 0.016260144311822395 0.088757848485439689 0.0056723926343727497 -0.10364295230117515 -0.10199366594158583 -0.10111779573404045 -0.10059888442338721 -0.10112954701184121 -0.10049102965584876 -0.10065519912257098
leaf_weight=0.13398739136027871 0.13560716221400071 0.1974783491218659 0.0097093839845001639 0.091976114839781076 0.1241798636860949 0.10563197801093338 0.02949863171306788 0.025352068294523633 0.0093445879601858906 0.0070470843020302709 0.0063161430289255796 0.0075340254174989232 0.005633142879105435
leaf_count=11 48 36 41 21 31 20 13 32 39 25 10 36 19
internal_value=-9.91725e-10 0.0219651 -0.0607891 -0.0117187 0.0566896 0.0106004 -0.101932 -0.10122 -0.10079 -0.100705 -0.100871 -0.100574 -0.100624
internal_weight=0.889296 0.653254 0.236042 0.331595 0.321658 0.197608 0.100435 0.0709364 0.0455844 0.0362398 0.0160255 0.0202143 0.0126802
internal_count=382 119 263 52 67 41 215 202 170 131 51 80 44
is_linear=0
shrinkage=0.1


Tree=41
num_leaves=15
num_cat=0
split_feature=1 0 1 0 0 1 0 1 1 0 0 0 0 1
split_gain=0.107006 0.0621374 0.032092 0.0436889 0.0426305 0.00711385 0.00164541 1.39595e-05 2.01409e-06 1.06878e-07 6.42864e-08 6.11736e-08 5.62378e-09 6.65167e-10
threshold=4.6850000000000014 2.1900000000000008 4.535000000000001 0.97500000000000009 1.1600000000000001 4.7250000000000005 1.0300000000000002 4.6650000000000009 4.4150000000000009 3.8050000000000002 2.9050000000000007 2.8600000000000008 3.4600000000000004 4.2650000000000006
decision_type=2 2 2 2 2 2 2 2 2 2 2 2 2 2
left_child=1 2 3 -1 -4 -2 -7 8 9 10 11 -3 13 -12
right_child=5 7 4 -5 -6 6 -8 -9 -10 -11 12 -13 -14 -15
leaf_value=0.014877804093973605 0.049502196088812178 -0.10062819391465079 -0.015659696617873056 -0.067233717996727033 0.059787707783388148 0.10426967294759451 0.076669894732101368 -0.10449286352612286 -0.10189536583698766 -0.10104327393307933 -0.1005344832102002 -0.10105317106360362 -0.10043924969185046 -0.10058390184127274
leaf_weight=0.11184839578345418 0.088698070329883194 0.0083781088428622752 0.18674931392888539 0.15403944160607352 0.12503274231858086 0.041182969680903625 0.045426579009927082 0.015635842923074961 0.02326050824694903 0.0083367199817985238 0.0061160566551734519 0.0056858347543311547 0.0065051257147388233 0.0049103412702606875
leaf_count=15 28 41 33 41 21 15 25 2 32 39 25 10 36 19
internal_value=-2.55254e-10 -0.0185343 -0.0071695 -0.0326927 0.0145967 0.0694079 0.0897936 -0.101818 -0.101156 -0.100725 -0.100641 -0.1008 -0.100513 -0.100556
internal_weight=0.831806 0.656498 0.57767 0.265888 0.311782 0.175308 0.0866095 0.0788285 0.0631927 0.0399322 0.0315955 0.0140639 0.0175315 0.0110264
internal_count=382 314 110 56 54 68 40 204 202 170 131 51 80 44
is_linear=0
shrinkage=0.1


Tree=42
num_leaves=16
num_cat=0
split_feature=1 0 1 1 0 0 0 1 0 0 0 0 0 1 0
split_gain=0.0968518 0.0326067 0.0206203 0.0185002 0.0403674 0.00742731 0.00185967 1.3172e-06 1.04739e-07 4.86247e-08 4.81277e-08 1.34481e-08 4.1948e-09 1.97345e-09 5.52878e-10
threshold=4.6450000000000005 2.1900000000000008 4.7250000000000005 4.495000000000001 0.97500000000000009 0.95500000000000007 1.0300000000000002 4.4150000000000009 3.8050000000000002 2.9050000000000007 2.8600000000000008 2.4450000000000007 3.5550000000000002 4.3050000000000006 3.1350000000000002
decision_type=2 2 2 2 2 2 2 2 2 2 2 2 2 2 2
left_child=1 3 5 4 -1 -2 -4 8 9 10 11 -3 13 14 -11
right_child=2 7 6 -5 -6 -7 -8 -9 -10 12 -12 -13 -14 -15 -16
leaf_value=-0.0030491326118686182 0.0089985142417948177 -0.1007046290384621 0.10380915896531882 -0.002713301965372221 -0.10789816746826353 0.044884333131648628 0.073084347116832954 -0.10168600075832152 -0.10100414903343842 -0.1004373915935481 -0.10096849358713056 -0.10043436562977165 -0.10037470382145766 -0.1005517126379091 -0.10049172849813177
leaf_weight=0.087550406955415383 0.10909827320756449 0.003648274861916434 0.036006339556024614 0.2511425418779254 0.063246448253266863 0.12236072533551123 0.043497874659124136 0.020221471022978221 0.0075647895364454589 0.003663232690996665 0.0050735454096866306 0.0037169238771639357 0.0038185950738807159 0.0040633751502809901 0.0038308183470689983
leaf_count=13 17 14 15 42 34 35 25 31 39 21 10 27 23 14 22
internal_value=-5.39836e-10 -0.0292665 0.0430617 -0.0193376 -0.0470244 0.0279695 0.0869992 -0.101042 -0.100674 -0.100584 -0.100731 -0.100568 -0.100466 -0.100496 -0.100465
internal_weight=0.768504 0.45754 0.310963 0.401939 0.150797 0.231459 0.0795042 0.055601 0.0353796 0.0278148 0.0124387 0.0073652 0.015376 0.0115574 0.00749405
internal_count=382 290 92 89 47 52 40 201 170 131 51 41 80 57 43
is_linear=0
shrinkage=0.1


Tree=43
num_leaves=20
num_cat=0
split_feature=1 0 1 1 0 0 0 0 0 1 1 1 1 1 1 0 0 1 1
split_gain=0.0889427 0.0457287 0.0338843 0.018664 0.0149659 0.00528079 0.00845575 0.000152753 6.18953e-06 5.70667e-07 2.17962e-07 4.10783e-07 2.28524e-08 2.14666e-08 1.01717e-08 6.08171e-09 4.53135e-09 1.94896e-09 7.4195e-10
threshold=4.535000000000001 0.97500000000000009 4.6850000000000014 4.5050000000000008 1.1600000000000001 0.93500000000000016 1.2100000000000002 1.2850000000000004 2.0250000000000004 4.2750000000000012 4.285000000000001 4.4150000000000009 4.3550000000000013 4.3450000000000006 4.1850000000000014 2.7900000000000005 2.9250000000000003 4.1950000000000012 4.2250000000000005
decision_type=2 2 2 2 2 2 2 2 2 2 2 2 2 2 2 2 2 2 2
left_child=1 -1 4 7 -2 -4 -7 -3 -9 14 -11 12 13 -12 16 -16 -10 -17 -19
right_child=2 3 5 -5 -6 6 -8 8 9 10 11 -13 -14 -15 15 17 -18 18 -20
leaf_value=0.0099223395244049228 -0.012518021232801942 -0.10987216548585022 0.040643725104761642 -0.03919027075588833 0.033086893242840414 0.104679450560098 0.045660756763596169 -0.10315771567455526 -0.10066489816407907 -0.10163017459402648 -0.10053937439239967 -0.10152581110346177 -0.10040369752088876 -0.10087992195621703 -0.10052689427229905 -0.10042573693047707 -0.10051498069878789 -0.10025732049937389 -0.10035161434015494
leaf_weight=0.098749670112738386 0.16291777422884479 0.033539888478117064 0.054499532796398853 0.079923923543901765 0.12888465783726133 0.056663805873540696 0.042471118281355302 0.017178525540657574 0.0032375876626247191 0.0087196045878954465 0.0035909176499444584 0.0091237674214426079 0.0034613597795214446 0.0038201991828827886 0.003402148031454999 0.0025034258214873262 0.0053440780397977505 0.0015145020797717734 0.0018584227575502155
leaf_count=15 33 3 16 8 38 18 34 21 10 9 33 14 20 10 9 6 39 25 21
internal_value=-9.92633e-10 -0.0446097 0.0276377 -0.0749961 0.00762497 0.0656484 0.0793948 -0.104409 -0.101535 -0.100937 -0.101213 -0.101031 -0.100616 -0.100715 -0.100493 -0.10042 -0.100572 -0.100359 -0.100309
internal_weight=0.721405 0.275968 0.445437 0.177218 0.291802 0.153634 0.0991349 0.0972944 0.0637545 0.046576 0.0287158 0.0199962 0.0108725 0.00741112 0.0178602 0.0092785 0.00858167 0.00587635 0.00337292
internal_count=382 243 139 228 71 68 52 220 217 196 86 77 63 43 110 61 49 52 46
is_linear=0
shrinkage=0.1


Tree=44
num_leaves=16
num_cat=0
split_feature=0 1 1 0 0 0 1 1 0 0 0 0 0 1 0
split_gain=0.087783 0.0617059 0.0347185 0.0191137 0.0107717 0.013997 7.9558e-06 7.65414e-07 6.67968e-08 2.64232e-08 2.64418e-08 6.50985e-09 2.29084e-09 8.88139e-10 3.09715e-10
threshold=1.6100000000000001 4.2650000000000006 4.705000000000001 2.1900000000000008 1.1600000000000001 0.82500000000000007 4.6650000000000009 4.4150000000000009 3.8050000000000002 2.9050000000000007 2.8600000000000008 2.4450000000000007 3.5550000000000002 4.3050000000000006 3.1350000000000002
decision_type=2 2 2 2 2 2 2 2 2 2 2 2 2 2 2
left_child=1 -1 4 -2 5 -3 7 8 9 10 11 -5 13 14 -11
right_child=3 2 -4 6 -6 -7 -8 -9 -10 12 -12 -13 -14 -15 -16
leaf_value=-0.047767607987652977 -0.034098705328861133 0.042266439327905504 0.10428314330575757 -0.1005768699828819 0.055006368279999544 -0.0066687973885007946 -0.10311521220024014 -0.10142171044703047 -0.10086062629244644 -0.10036403311434601 -0.10080354616317114 -0.10036415874064231 -0.1003092084116427 -0.10045296730053542 -0.10040989257873796
leaf_weight=0.10269623629574198 0.10486966956523247 0.103260434436379 0.067933393600014824 0.0028463954549806658 0.091076843106748129 0.13469592758883664 0.02501953230057552 0.016737324431232992 0.0060324675309857403 0.002883403200939938 0.0040217644241238304 0.0029093569505675987 0.0029637911179634111 0.0031892283764136664 0.0030099876053100161
leaf_count=11 48 14 35 14 23 36 13 32 39 21 10 27 23 14 22
internal_value=7.11924e-10 0.0213239 0.039198 -0.0610647 0.0257603 0.0145665 -0.101688 -0.100887 -0.100566 -0.100485 -0.100607 -0.100469 -0.100386 -0.10041 -0.100387
internal_weight=0.674146 0.499663 0.396967 0.174483 0.329033 0.237956 0.0696133 0.0445937 0.0278564 0.0218239 0.00977752 0.00575575 0.0120464 0.00908262 0.00589339
internal_count=382 119 108 263 73 50 215 202 170 131 51 41 80 57 43
is_linear=0
shrinkage=0.1


Tree=45
num_leaves=15
num_cat=0
split_feature=1 0 1 1 1 0 0 1 0 0 0 0 0 1
split_gain=0.081259 0.0223803 0.0130472 0.0117823 0.0156887 0.00478188 0.00793485 6.5955e-07 5.71693e-08 2.18623e-08 2.41203e-08 3.60805e-09 1.65234e-09 3.92785e-10
threshold=4.6450000000000005 2.1900000000000008 4.6850000000000014 4.495000000000001 4.2350000000000012 0.93500000000000016 1.2100000000000002 4.4150000000000009 3.8050000000000002 2.9050000000000007 2.8600000000000008 2.4450000000000007 3.4600000000000004 4.1950000000000012
decision_type=2 2 2 2 2 2 2 2 2 2 2 2 2 2
left_child=1 3 -2 4 -1 -4 -7 8 9 10 11 -3 13 -11
right_child=2 7 5 -5 -6 6 -8 -9 -10 12 -12 -13 -14 -15
leaf_value=-0.012026082807949326 0.019687868880245703 -0.10050293609611499 0.038659578282613016 -0.0068207363685830746 -0.083329541827357523 0.10442313821063753 0.04372798049956822 -0.10135832808622545 -0.10080807183359426 -0.10039835671924967 -0.10075509392377897 -0.10033275430627292 -0.10028981403811695 -0.10034952621195399
leaf_weight=0.065061635390520678 0.12253237129789341 0.0024289605878493603 0.045844033575122012 0.20641065925883595 0.058697373837276245 0.05040892238230299 0.037609392680451492 0.015366729196784945 0.0054329080783190866 0.0031371117829621653 0.0036081177934192965 0.0025575297563591448 0.0037799062924932514 0.0034687394204411248
leaf_count=14 24 14 16 42 33 18 34 31 39 8 10 27 36 36
internal_value=2.15886e-10 -0.0299856 0.0432659 -0.0214482 -0.0458444 0.0648483 0.0784887 -0.100845 -0.100522 -0.10044 -0.100558 -0.100416 -0.100343 -0.100373
internal_weight=0.626344 0.36995 0.256395 0.33017 0.123759 0.133862 0.0880183 0.03978 0.0244133 0.0189804 0.00859461 0.00498649 0.0103858 0.00660585
internal_count=382 290 92 89 47 68 52 201 170 131 51 41 80 44
is_linear=0
shrinkage=0.1


Tree=46
num_leaves=14
num_cat=0
split_feature=1 0 1 1 0 0 1 0 0 0 0 0 1
split_gain=0.0708942 0.0205792 0.0120213 0.0106046 0.0162663 0.00392578 4.9144e-07 4.07851e-08 1.76204e-08 1.59258e-08 4.11716e-09 1.44033e-09 1.509e-10
threshold=4.6450000000000005 2.1900000000000008 4.7250000000000005 4.495000000000001 0.85500000000000009 0.95500000000000007 4.4150000000000009 3.8050000000000002 2.9050000000000007 2.8600000000000008 2.4450000000000007 3.4600000000000004 4.1950000000000012
decision_type=2 2 2 2 2 2 2 2 2 2 2 2 2
left_child=1 3 5 4 -1 -2 7 8 9 10 -3 12 -10
right_child=2 6 -4 -5 -6 -7 -8 -9 11 -11 -12 -13 -14
leaf_value=-0.0097258982756488963 0.013054086257806408 -0.10049450278917367 0.07991110827354625 -0.0064666687016767038 -0.084398074689256683 0.042321676692175306 -0.10124222463897897 -0.10073852522851925 -0.10036291628538017 -0.10069011025684088 -0.10030477095291966 -0.1002641489607473 -0.10033101706819092
leaf_weight=0.062602763064205647 0.086583554550998088 0.002300708503526038 0.060564088518390236 0.19505810277769342 0.054629151992230618 0.097369561500045165 0.013877110342491505 0.0048302449727088961 0.0028099511346226791 0.0032338837343104387 0.0022742967903468525 0.0033556346186287556 0.0031402009022940547
leaf_count=10 17 14 40 42 37 35 31 39 8 10 27 36 36
internal_value=-1.36805e-09 -0.0289874 0.0412685 -0.0207526 -0.0445225 0.0285459 -0.100776 -0.100482 -0.100409 -0.10052 -0.1004 -0.100317 -0.100346
internal_weight=0.592629 0.348112 0.244517 0.31229 0.117232 0.183953 0.035822 0.0219449 0.0171147 0.00780889 0.00457501 0.00930579 0.00595015
internal_count=382 290 92 89 47 52 201 170 131 51 41 80 44
is_linear=0
shrinkage=0.1


Tree=47
num_leaves=15
num_cat=0
split_feature=0 1 0 1 0 0 1 1 0 0 0 0 0 1
split_gain=0.0691944 0.0489293 0.0172865 0.015066 0.0120638 0.000266115 8.46527e-06 4.68244e-07 3.02893e-08 1.32578e-08 1.16831e-08 3.07566e-09 1.06586e-09 1.05579e-10
threshold=1.6100000000000001 4.6450000000000005 2.1900000000000008 4.2650000000000006 1.0300000000000002 1.0300000000000002 4.6650000000000009 4.4150000000000009 3.8050000000000002 2.9050000000000007 2.8600000000000008 2.4450000000000007 3.4600000000000004 4.1950000000000012
decision_type=2 2 2 2 2 2 2 2 2 2 2 2 2 2
left_child=1 3 -2 -1 -3 -5 7 8 9 10 11 -4 13 -11
right_child=2 4 6 5 -6 -7 -8 -9 -10 12 -12 -13 -14 -15
leaf_value=-0.04493255860031814 -0.031468114422038444 0.036472650485586781 -0.10045298365110869 0.014194365796216388 0.086359188814744803 0.0049489568720392958 -0.10319308216425321 -0.10121638476961779 -0.10067493662072409 -0.10033061416215994 -0.10062957749152879 -0.10027918393172811 -0.10024101180318501 -0.10030237949931815
leaf_weight=0.086883654341363581 0.088723404871871026 0.12668600842073374 0.0020546082268992913 0.05857606278732419 0.078519691389715263 0.066450974125473294 0.025147221613224247 0.012909597859561472 0.0042967730471445966 0.0025155569223898055 0.0028960616064068745 0.0020185739359703803 0.0029778267174833672 0.0027968651014589341
leaf_count=11 48 36 14 21 31 20 13 32 39 8 10 27 36 36
internal_value=-1.62101e-10 0.0207565 -0.0591642 -0.0129469 0.0555612 0.0092805 -0.101816 -0.100749 -0.10044 -0.100374 -0.100476 -0.100367 -0.100289 -0.100316
internal_weight=0.563453 0.417116 0.146336 0.211911 0.205206 0.125027 0.0576131 0.0324659 0.0195563 0.0152595 0.00696924 0.00407318 0.00829025 0.00531242
internal_count=382 119 263 52 67 41 215 202 170 131 51 41 80 44
is_linear=0
shrinkage=0.1


Tree=48
num_leaves=15
num_cat=0
split_feature=0 1 1 1 0 1 0 1 0 0 0 0 0 1
split_gain=0.0588709 0.0645644 0.018392 0.00992404 0.0138056 6.37026e-06 1.44762e-06 3.97127e-07 2.51093e-08 1.08074e-08 1.00612e-08 2.10186e-09 7.27171e-10 7.36417e-11
threshold=2.1900000000000008 4.6450000000000005 4.705000000000001 4.495000000000001 0.85500000000000009 4.6650000000000009 1.0950000000000004 4.4150000000000009 3.8050000000000002 2.9050000000000007 2.8600000000000008 2.4450000000000007 3.4600000000000004 4.1950000000000012
decision_type=2 2 2 2 2 2 2 2 2 2 2 2 2 2
left_child=1 3 -3 4 -1 7 -4 8 9 10 11 -2 13 -11
right_child=5 2 6 -5 -6 -7 -8 -9 -10 12 -12 -13 -14 -15
leaf_value=-0.011004172033445399 -0.10040483992359604 0.035582137700579934 0.10293394393660099 -0.0052596472422965709 -0.083343838022351249 -0.1029595184126797 0.10395746337597088 -0.10115701482393001 -0.10063069667150951 -0.10029520340502696 -0.10058718355492879 -0.10025068362801609 -0.10021576300928406 -0.100269977780202
leaf_weight=0.057648059213533998 0.0017883081109175691 0.14276654414607037 0.029613368768423243 0.17240998071793001 0.048641655252140481 0.022253546503634425 0.025908233750556064 0.011899927255967668 0.0038599791184878987 0.0022002017435625021 0.0026179311848864018 0.0017499640842970621 0.0025858485666958586 0.0024414735480604577
leaf_count=10 14 33 22 42 37 13 23 32 39 8 10 27 36 36
internal_value=-4.84538e-10 0.010957 0.0545747 -0.020076 -0.0441092 -0.101685 0.103412 -0.100713 -0.100406 -0.100341 -0.100439 -0.100329 -0.100258 -0.100282
internal_weight=0.528385 0.476988 0.198288 0.2787 0.10629 0.0513972 0.0555216 0.0291436 0.0172437 0.0133837 0.0061562 0.00353827 0.00722752 0.00464168
internal_count=382 167 78 89 47 215 45 202 170 131 51 41 80 44
is_linear=0
shrinkage=0.1


Tree=49
num_leaves=15
num_cat=0
split_feature=1 0 1 1 1 0 0 1 0 0 0 0 0 1
split_gain=0.0534876 0.0154086 0.0116613 0.00969328 0.0122162 0.00300713 0.00731136 3.78609e-07 1.85948e-08 8.18501e-09 7.38825e-09 1.58451e-09 5.42815e-10 4.97832e-11
threshold=4.6450000000000005 2.1900000000000008 4.6850000000000014 4.495000000000001 4.2350000000000012 0.93500000000000016 1.2100000000000002 4.4150000000000009 3.8050000000000002 2.9050000000000007 2.8600000000000008 2.4450000000000007 3.4600000000000004 4.1950000000000012
decision_type=2 2 2 2 2 2 2 2 2 2 2 2 2 2
left_child=1 3 -2 4 -1 -4 -7 8 9 10 11 -3 13 -11
right_child=2 7 5 -5 -6 6 -8 -9 -10 12 -12 -13 -14 -15
leaf_value=-0.011610882924953617 0.014702742279839951 -0.10037154437562275 0.039133131273950919 -0.0054188669114015034 -0.081993196161215143 0.10369411560826497 0.037661184466856908 -0.10113816347151779 -0.10057648942986126 -0.10026857275454493 -0.10053605811147009 -0.10022964094589243 -0.10019634579342651 -0.10024660075403227
leaf_weight=0.051678524540875515 0.10115876251620648 0.0015966403739184898 0.036407741771199653 0.16109913139371201 0.047170485745482438 0.038234999457813501 0.029865058950463208 0.011086078823950629 0.0034249228370981663 0.0019686699333760771 0.0023456364503999794 0.001551528835307181 0.00228681642340689 0.0021655110969049929
leaf_count=14 24 14 16 42 33 18 34 31 39 8 10 27 36 36
internal_value=-3.84031e-10 -0.0279409 0.0389055 -0.0205451 -0.0451971 0.0623326 0.0747356 -0.100693 -0.100371 -0.100312 -0.100402 -0.100302 -0.100235 -0.100257
internal_weight=0.492041 0.286374 0.205667 0.259948 0.098849 0.104508 0.0681001 0.0264258 0.0153397 0.0119148 0.00549381 0.00314817 0.006421 0.00413418
internal_count=382 290 92 89 47 68 52 201 170 131 51 41 80 44
is_linear=0
shrinkage=0.1


Tree=50
num_leaves=14
num_cat=0
split_feature=0 1 1 1 0 1 0 1 0 0 0 0 1
split_gain=0.0510754 0.0560551 0.0160507 0.00849064 0.0120453 5.3062e-06 1.56601e-06 2.8173e-07 1.31064e-08 6.58089e-09 4.80122e-09 4.80935e-10 7.43108e-11
threshold=2.1900000000000008 4.6450000000000005 4.705000000000001 4.495000000000001 0.85500000000000009 4.6650000000000009 1.0950000000000004 4.4150000000000009 3.8050000000000002 2.9050000000000007 2.8600000000000008 3.4600000000000004 4.2650000000000006
decision_type=2 2 2 2 2 2 2 2 2 2 2 2 2
left_child=1 3 -3 4 -1 7 -4 8 9 10 -2 12 -11
right_child=5 2 6 -5 -6 -7 -8 -9 -10 11 -12 -13 -14
leaf_value=-0.010984486810309467 -0.10029125250550903 0.03538433963478254 0.10267800097661327 -0.0054829192991248388 -0.082943747715040039 -0.10281916702562433 0.10382325842133773 -0.10103900176476653 -0.1005255955910295 -0.10022658841890059 -0.10048971009769225 -0.1001788258001259 -0.10025497676412738
leaf_weight=0.051178526657167822 0.0029003771318230065 0.12817494097521376 0.025387498394991326 0.15300121961627156 0.042644731325708563 0.020862256870714191 0.022539947431482688 0.010020566315347423 0.0030490224453387791 0.0020660223034383307 0.0021028812519716666 0.0020350940328626166 0.0016653485621986874
leaf_count=10 41 33 22 42 37 13 23 32 39 25 10 36 19
internal_value=1.57906e-09 0.0107445 0.0538453 -0.0200068 -0.0436916 -0.101655 0.103217 -0.100635 -0.100343 -0.100291 -0.100375 -0.100218 -0.100239
internal_weight=0.467628 0.422927 0.176102 0.246824 0.0938233 0.0447016 0.0479274 0.0238393 0.0138187 0.0107697 0.00500326 0.00576646 0.00373137
internal_count=382 167 78 89 47 215 45 202 170 131 51 80 44
is_linear=0
shrinkage=0.1


Tree=51
num_leaves=14
num_cat=0
split_feature=0 1 1 0 0 1 1 1 0 0 0 0 1
split_gain=0.0471799 0.0390894 0.0181084 0.0127639 0.0126979 0.00580604 3.81129e-06 2.6858e-07 9.70496e-09 4.98005e-09 3.52504e-09 3.59202e-10 5.76943e-11
threshold=1.6100000000000001 4.2650000000000006 4.6850000000000014 1.1600000000000001 2.1900000000000008 4.705000000000001 4.6650000000000009 4.4150000000000009 3.8050000000000002 2.9050000000000007 2.8600000000000008 3.4600000000000004 4.2650000000000006
decision_type=2 2 2 2 2 2 2 2 2 2 2 2 2
left_child=1 -1 3 -3 -2 -4 7 8 9 10 -6 12 -11
right_child=4 2 5 -5 6 -7 -8 -9 -10 11 -12 -13 -14
leaf_value=-0.047437096167203555 -0.030873483806269666 0.00022619266123601056 0.049234690092432462 0.05715619612373072 -0.10026734117743563 0.10317946010406343 -0.10257396871327723 -0.10102392720290231 -0.10048033533388637 -0.10020644135214779 -0.10044715002045557 -0.10016284448927554 -0.10023292661075107
leaf_weight=0.069573808754284983 0.069347018805729022 0.11794492185435956 0.039324349596881802 0.059123815188286244 0.0025850329216154933 0.04050004649263883 0.018514504920403851 0.0093591843515241635 0.0027093537755717998 0.0018415010093235651 0.0018855620562590047 0.0018026224623213238 0.0014863222127701192
leaf_count=11 48 43 11 19 41 35 13 32 39 25 10 36 19
internal_value=-1.25417e-09 0.019054 0.0370616 0.0192353 -0.056792 0.0766043 -0.10152 -0.10062 -0.100313 -0.100266 -0.100343 -0.100199 -0.100218
internal_weight=0.435998 0.326467 0.256893 0.177069 0.109531 0.0798244 0.0401841 0.0216696 0.0123104 0.00960104 0.00447059 0.00513045 0.00332782
internal_count=382 119 108 62 263 46 215 202 170 131 51 80 44
is_linear=0
shrinkage=0.1


Tree=52
num_leaves=15
num_cat=0
split_feature=1 0 1 0 1 0 0 0 1 0 0 0 0 1
split_gain=0.0443604 0.0126762 0.0247968 0.0112308 0.00689046 0.0100579 0.00408044 0.00586192 2.2726e-07 7.89094e-09 4.10628e-09 3.09518e-09 2.64476e-10 3.98781e-11
threshold=4.6450000000000005 0.82500000000000007 4.6850000000000014 2.1900000000000008 4.495000000000001 0.85500000000000009 0.93500000000000016 1.2100000000000002 4.4150000000000009 3.8050000000000002 2.9050000000000007 2.8600000000000008 3.4600000000000004 4.2650000000000006
decision_type=2 2 2 2 2 2 2 2 2 2 2 2 2 2
left_child=3 -2 -3 4 5 -1 -4 -8 9 10 11 -5 13 -12
right_child=1 2 6 8 -6 -7 7 -9 -10 -11 12 -13 -14 -15
leaf_value=-0.011845791161772442 0.091889079392647927 -0.028457932782157178 0.026777479427939205 -0.1002427184247514 -0.0075399794792831466 -0.081952738437766098 0.10325572525432154 0.037947424259319337 -0.10097611092744695 -0.1004488618540616 -0.10018670019545364 -0.10042093429235888 -0.10014623665738356 -0.10021022465443148
leaf_weight=0.044192419503815472 0.035617293707218778 0.053046142349785441 0.026279167957568461 0.0022808682488744125 0.13384492585464614 0.038111890516802305 0.031288705989652499 0.02450965053208165 0.008685241624846185 0.0024458891140284331 0.0016218435546875298 0.0017015129658943806 0.0015684403850855233 0.0012967677130291122
leaf_count=10 8 20 12 41 42 37 18 34 31 39 25 10 36 19
internal_value=5.79047e-10 0.0388176 0.0248285 -0.0281135 -0.0215409 -0.0443096 0.0592672 0.0745688 -0.100594 -0.100291 -0.100245 -0.100319 -0.100179 -0.100197
internal_weight=0.406491 0.170741 0.135124 0.23575 0.216149 0.0823043 0.0820775 0.0557984 0.0196006 0.0109153 0.00846943 0.00398238 0.00448705 0.00291861
internal_count=382 92 84 290 89 47 64 52 201 170 131 51 80 44
is_linear=0
shrinkage=0.1


Tree=53
num_leaves=15
num_cat=0
split_feature=0 1 1 0 1 0 1 0 1 0 0 0 0 1
split_gain=0.0395166 0.0460516 0.0121763 0.00768212 0.0100541 0.00560164 2.80925e-06 1.56841e-06 2.15374e-07 5.89186e-09 3.10447e-09 2.31153e-09 2.00956e-10 3.19549e-11
threshold=2.1900000000000008 4.6450000000000005 4.705000000000001 0.82500000000000007 4.535000000000001 1.3950000000000002 4.6650000000000009 1.0950000000000004 4.4150000000000009 3.8050000000000002 2.9050000000000007 2.8600000000000008 3.4600000000000004 4.2650000000000006
decision_type=2 2 2 2 2 2 2 2 2 2 2 2 2 2
left_child=1 3 -3 -1 5 -5 8 -4 9 10 11 -2 13 -12
right_child=6 2 7 4 -6 -7 -8 -9 -10 -11 12 -13 -14 -15
leaf_value=-0.051954485766440663 -0.10022235952446633 0.036364518375880055 0.10213950268628652 -0.0012518813102254727 0.026473168063520444 -0.050149186486227952 -0.10237781298729741 0.10343418611715603 -0.10096166512719916 -0.10041053043553838 -0.10017034710054314 -0.10038493629885765 -0.10013332044073456 -0.10019255133259669
leaf_weight=0.055747303777025081 0.0020429826618055813 0.10514126505722743 0.018941397617368239 0.042934960270940792 0.053020991297671571 0.051567869156542656 0.016942219430347905 0.018491650106170709 0.0081521797988273192 0.0021816711413862322 0.0014584020792085539 0.0015291193263351488 0.0014018034263472146 0.001166585086195937
leaf_count=14 41 33 22 11 28 36 13 23 32 39 25 10 36 19
internal_value=6.64892e-10 0.0102306 0.0538017 -0.0203301 -0.00837968 -0.0279339 -0.101454 0.102779 -0.100582 -0.100266 -0.100224 -0.100292 -0.100164 -0.10018
internal_weight=0.38072 0.345845 0.142574 0.203271 0.147524 0.0945028 0.034875 0.037433 0.0179327 0.00978056 0.00759889 0.0035721 0.00402679 0.00262499
internal_count=382 167 78 89 75 47 215 45 202 170 131 51 80 44
is_linear=0
shrinkage=0.1


Tree=54
num_leaves=13
num_cat=0
split_feature=0 1 0 1 0 1 1 0 0 1 0 0
split_gain=0.0354072 0.0405155 0.00947287 0.00844343 0.0184411 2.13689e-06 1.53461e-07 5.1004e-09 2.36586e-09 1.58221e-09 1.37804e-10 1.69807e-11
threshold=2.1900000000000008 4.6450000000000005 1.0300000000000002 4.495000000000001 0.97500000000000009 4.6650000000000009 4.4150000000000009 3.8050000000000002 2.9050000000000007 4.3150000000000004 3.4600000000000004 3.0550000000000002
decision_type=2 2 2 2 2 2 2 2 2 2 2 2
left_child=1 3 -3 4 -1 6 7 8 9 -2 11 -10
right_child=5 2 -4 -5 -6 -7 -8 -9 10 -11 -12 -13
leaf_value=-0.0035530391046623973 -0.10021252326807102 0.030542430868008598 0.085157657219559021 -0.0029671919225253626 -0.10494966897232208 -0.10218054441810574 -0.10086766263677122 -0.10038939285295607 -0.10017243107170298 -0.10035697997470601 -0.1001234982834707 -0.10015526934464541
leaf_weight=0.042665778426453471 0.001947109982523898 0.07949424640563052 0.05288614904611677 0.11721770858275704 0.030946316149311315 0.015355592655396322 0.0073444875693553504 0.0019587759801424909 0.001276613101026669 0.0012417516904861259 0.0012481928717420487 0.0010513611763940389
leaf_count=13 29 36 42 42 34 13 32 39 21 22 36 23
internal_value=-3.08233e-10 0.00985242 0.0523613 -0.0196364 -0.0461799 -0.101337 -0.100531 -0.100247 -0.100206 -0.100269 -0.10015 -0.100165
internal_weight=0.354634 0.32321 0.13238 0.19083 0.0736121 0.0314239 0.0160683 0.0087238 0.00676503 0.00318886 0.00357617 0.00232797
internal_count=382 167 78 89 47 215 202 170 131 51 80 44
is_linear=0
shrinkage=0.1


Tree=55
num_leaves=17
num_cat=0
split_feature=1 0 1 0 1 0 0 0 0 1 1 0 0 0 1 0
split_gain=0.0314837 0.0166825 0.0132192 0.0099322 0.0094724 0.00244243 0.00492975 2.72572e-05 2.56473e-06 5.03558e-08 1.84261e-08 3.70812e-08 2.91208e-09 1.60331e-09 2.70146e-10 1.46794e-10
threshold=4.535000000000001 0.97500000000000009 4.6850000000000014 1.1600000000000001 4.5050000000000008 0.93500000000000016 1.2100000000000002 1.1050000000000002 2.0250000000000004 4.2750000000000012 4.4150000000000009 2.1900000000000008 3.8050000000000002 2.9050000000000007 4.1850000000000014 2.8850000000000002
decision_type=2 2 2 2 2 2 2 2 2 2 2 2 2 2 2 2
left_child=1 -1 3 -2 7 -4 -7 -3 -9 14 11 -11 13 -13 -10 -16
right_child=2 4 5 -5 -6 6 -8 8 9 10 -12 12 -14 -15 15 -17
leaf_value=0.0072945314110870159 -0.01841407706246629 -0.10712412223168627 0.033958524438781598 0.036152528916238581 -0.033399363106125894 0.10276470886307361 0.036560390990178965 -0.10243260520926965 -0.10019021132425657 -0.10082166683627106 -0.10077777981705059 -0.10031518694917946 -0.10041726601535915 -0.10015439891937106 -0.10016433615216423 -0.10011219173530871
leaf_weight=0.047152213264780585 0.075160510416026227 0.012459664219932165 0.024630697863756268 0.05997529414966607 0.039039798750934551 0.025066241925685517 0.020401855958311899 0.013022305463437078 0.0020185767667726404 0.0020228917207987251 0.0031759455452515795 0.0011401122589802526 0.0011995137607243578 0.0013598829283694158 0.0011265803404967301 0.0010366583552468001
leaf_count=15 33 2 16 38 8 18 34 22 49 7 14 30 6 29 14 47
internal_value=1.80458e-10 -0.0396179 0.0240822 0.0058034 -0.0681226 0.0593198 0.0730584 -0.103276 -0.101439 -0.10045 -0.100585 -0.100477 -0.100289 -0.100228 -0.100164 -0.100139
internal_weight=0.329989 0.124754 0.205235 0.135136 0.0776019 0.0700988 0.0454681 0.0385621 0.0261025 0.0130802 0.00889835 0.0057224 0.00369951 0.0025 0.00418182 0.00216324
internal_count=382 243 139 71 228 68 52 220 218 196 86 72 65 59 110 61
is_linear=0
shrinkage=0.1


Tree=56
num_leaves=13
num_cat=0
split_feature=0 1 0 0 1 0 1 1 0 0 0 1
split_gain=0.0298511 0.0359958 0.011124 0.00820947 0.00707848 0.00625326 1.72467e-06 9.03189e-08 3.15325e-09 1.26654e-09 8.33043e-10 5.23078e-11
threshold=2.1900000000000008 4.6450000000000005 1.1050000000000002 0.90500000000000014 4.495000000000001 0.85500000000000009 4.6650000000000009 4.4150000000000009 3.8050000000000002 2.9050000000000007 2.8600000000000008 4.3050000000000006
decision_type=2 2 2 2 2 2 2 2 2 2 2 2
left_child=1 4 3 -3 5 -1 7 8 9 10 -2 -11
right_child=6 2 -4 -5 -6 -7 -8 -9 -10 11 -12 -13
leaf_value=-0.018836128525703995 -0.1001726828521788 0.064803732790173776 0.10496246230867026 0.0038818629981682944 -0.0042986544431829954 -0.082097434835503635 -0.10206493656082048 -0.10073383974606086 -0.10033193821043879 -0.10011498693279053 -0.10028853353062131 -0.10014332540689808
leaf_weight=0.035345476178918034 0.0014459689991497271 0.043765985779316452 0.029455600837110296 0.044720960673046761 0.10270026111174957 0.028006219461531145 0.013520974649281925 0.0061466355336960987 0.0015751281632674363 0.0018217317422966062 0.0010874900287944911 0.0010138398807129079
leaf_count=10 41 22 32 24 42 37 13 32 39 59 10 21
internal_value=1.2472e-10 0.00948979 0.0517331 0.0340141 -0.0205146 -0.0468024 -0.101273 -0.100455 -0.100208 -0.100171 -0.100222 -0.100125
internal_weight=0.310606 0.283995 0.117943 0.0884869 0.166052 0.0633517 0.0266118 0.0130908 0.00694416 0.00536903 0.00253346 0.00283557
internal_count=382 167 78 46 89 47 215 202 170 131 51 80
is_linear=0
shrinkage=0.1


Tree=57
num_leaves=13
num_cat=0
split_feature=0 1 1 0 0 1 1 1 0 0 0 1
split_gain=0.027697 0.0279236 0.0122019 0.00864896 0.00813088 0.00401502 1.24922e-06 8.50744e-08 2.28985e-09 9.84976e-10 5.2774e-10 3.94294e-11
threshold=1.6100000000000001 4.2650000000000006 4.6850000000000014 1.1600000000000001 2.1900000000000008 4.705000000000001 4.6650000000000009 4.4150000000000009 3.8050000000000002 2.9050000000000007 2.7900000000000005 4.2750000000000012
decision_type=2 2 2 2 2 2 2 2 2 2 2 2
left_child=1 -1 3 -3 -2 -4 7 8 9 10 -6 -11
right_child=4 2 5 -5 6 -7 -8 -9 -10 11 -12 -13
leaf_value=-0.050357910140059574 -0.029672724805291546 -0.0016177250165055686 0.048061653183673822 0.055425955985743361 -0.10016240346581898 0.1024234974089612 -0.10187257700634192 -0.10072363676802694 -0.1003027726223657 -0.10010355358781327 -0.10025948400868685 -0.10012881134376424
leaf_weight=0.04761049098942749 0.044853427970224402 0.077006080540741095 0.027048131511719475 0.040589638876554091 0.0012701522479829919 0.027298012467227295 0.012657166167173273 0.0057838493903261678 0.0014010476666896921 0.0014371732500819689 0.0010014606245647428 0.0010844176748179279
leaf_count=11 48 43 11 19 35 35 13 32 39 51 16 29
internal_value=-9.31293e-11 0.0174151 0.0361813 0.0180716 -0.0550236 0.0753676 -0.10118 -0.100448 -0.10019 -0.100157 -0.100205 -0.100114
internal_weight=0.289041 0.219552 0.171942 0.117596 0.0694887 0.0543461 0.0246353 0.0119781 0.00619425 0.0047932 0.00227161 0.00252159
internal_count=382 119 108 62 263 46 215 202 170 131 51 80
is_linear=0
shrinkage=0.1


Tree=58
num_leaves=18
num_cat=0
split_feature=1 0 0 0 1 0 1 1 0 0 0 0 1 1 0 1 1
split_gain=0.0257292 0.00848506 0.00882948 0.0242522 0.0187958 0.0077316 0.0179724 0.00491424 0.00270256 0.00416355 1.54737e-05 1.27177e-06 2.7652e-08 1.08697e-08 2.00883e-08 7.86281e-10 1.30792e-10
threshold=4.6450000000000005 0.63500000000000012 0.82500000000000007 1.0050000000000001 4.5050000000000008 0.82500000000000007 4.6850000000000014 4.535000000000001 0.93500000000000016 1.2100000000000002 1.1050000000000002 2.0250000000000004 4.2750000000000012 4.4150000000000009 2.1900000000000008 4.3150000000000004 4.1850000000000014
decision_type=2 2 2 2 2 2 2 2 2 2 2 2 2 2 2 2 2
left_child=1 -1 -3 -4 10 -2 -7 -6 -8 -10 -5 -12 16 14 -14 -16 -13
right_child=5 2 3 4 7 6 8 -9 9 -11 11 12 13 -15 15 -17 -18
leaf_value=0.088154779570528266 0.086937322176129053 -0.077889200839185879 0.099874029796978611 -0.10602192952219375 -0.036803511455801317 -0.033415551068859926 0.026187601225709147 0.015705841311536194 0.10247874021434307 0.035618556519475729 -0.10198480733605818 -0.10014798491373296 -0.10067804988117127 -0.10066075444238878 -0.10029892651926536 -0.10018691649300862 -0.10010577614102141
leaf_weight=0.0061874238308519116 0.023581326553284043 0.032005902721721213 0.015050207719468744 0.010037693195044994 0.032956112796398429 0.035095841240035952 0.01819539765222089 0.03881446065354055 0.021191242973557678 0.016617411002343374 0.010147687534981742 0.0014257703287654522 0.0015931383092038232 0.0024709420760302692 0.0010071997541132305 0.0016589458478506458 0.0015133884061526715
leaf_count=3 8 11 12 1 8 20 12 37 18 34 22 49 7 14 21 44 61
internal_value=2.93127e-12 -0.0265863 -0.0313612 -0.0185979 -0.036143 0.0359029 0.0226925 -0.00840577 0.0578536 0.0730928 -0.102823 -0.101203 -0.100382 -0.100494 -0.100397 -0.100229 -0.100126
internal_weight=0.26955 0.154869 0.148681 0.116676 0.101625 0.114681 0.0910999 0.0717706 0.0560041 0.0378087 0.0298548 0.0198171 0.00966938 0.00673023 0.00425928 0.00266615 0.00293916
internal_count=382 290 287 276 264 92 84 45 64 52 219 218 196 86 72 65 110
is_linear=0
shrinkage=0.1


Tree=59
num_leaves=12
num_cat=0
split_feature=1 0 1 0 1 0 1 1 1 0 0
split_gain=0.0233077 0.0117999 0.00941687 0.0103256 0.00280242 0.00239078 0.00324085 1.09552e-06 4.22765e-08 1.63435e-09 5.44529e-10
threshold=4.6850000000000014 2.1900000000000008 4.495000000000001 0.97500000000000009 4.6450000000000005 0.93500000000000016 4.7150000000000007 4.6650000000000009 4.4150000000000009 3.8050000000000002 2.9050000000000007
decision_type=2 2 2 2 2 2 2 2 2 2 2
left_child=1 2 3 -1 -4 -2 -7 8 9 10 -3
right_child=5 7 4 -5 -6 6 -8 -9 -10 -11 -12
leaf_value=-0.0093151847727933907 0.029879315560021227 -0.10017065841959601 -0.005925504896635324 -0.10350384434371239 0.025088561967219414 0.10227181607667893 0.040632390173179753 -0.10213735866584393 -0.10058110866821127 -0.1002675148966808 -0.10009421765843818
leaf_weight=0.02959324009498232 0.018933274329555161 0.0017888822294906959 0.079710862311912933 0.019184271378549056 0.045918834218355187 0.018683326455075644 0.01569576685679408 0.0055053082760423431 0.0047909499009790579 0.0011425814738856843 0.0019452856257231588
leaf_count=13 16 51 42 34 21 16 36 2 32 39 80
internal_value=-1.04676e-09 -0.0164271 -0.00906844 -0.0463597 0.00541043 0.0584151 0.0741304 -0.101011 -0.10037 -0.100163 -0.100131
internal_weight=0.242893 0.18958 0.174407 0.0487775 0.12563 0.0533124 0.0343791 0.015173 0.0096677 0.00487675 0.00373417
internal_count=382 314 110 47 63 68 52 204 202 170 131
is_linear=0
shrinkage=0.1


Tree=60
num_leaves=15
num_cat=0
split_feature=1 1 0 1 0 0 1 0 0 1 1 0 1 1
split_gain=0.0214065 0.00631745 0.00973801 0.00595354 0.00259863 0.00163424 0.0013992 9.04213e-06 5.91191e-07 1.20448e-08 4.52585e-09 9.2339e-09 6.21363e-10 8.32912e-11
threshold=4.6450000000000005 4.495000000000001 0.97500000000000009 4.7250000000000005 1.5450000000000002 0.95500000000000007 4.7600000000000007 1.1050000000000002 2.0250000000000004 4.2750000000000012 4.4150000000000009 2.1900000000000008 4.3250000000000011 4.1850000000000014
decision_type=2 2 2 2 2 2 2 2 2 2 2 2 2 2
left_child=1 2 -1 5 -3 -2 -5 -4 -9 13 11 -11 -13 -10
right_child=3 4 7 6 -6 -7 -8 8 9 10 -12 12 -14 -15
leaf_value=-0.014626868735511124 0.0055190617013375102 -0.032996632363803007 -0.1050791718811567 0.10257056507051505 0.0048749557229751045 0.034968639963384181 0.054465301889464593 -0.10155846649599409 -0.10012578158155572 -0.10053979113371983 -0.10051970917655989 -0.10024477562855814 -0.10013662478766394 -0.10008773042367497
leaf_weight=0.027995238284347579 0.035925348558407677 0.028594739742402453 0.0082037194279109826 0.011818276659326443 0.049452808445764163 0.039629693838193703 0.012380333881139904 0.0075848655851586955 0.0011241232456171701 0.0011848982245510342 0.0016290983330264908 0.0010763590649460753 0.0010489295400191168 0.0011781806370265713
leaf_count=13 17 31 2 15 29 35 25 20 49 7 13 27 38 61
internal_value=2.46435e-10 -0.0268885 -0.05425 0.0347915 -0.00900028 0.0209658 0.0779593 -0.102415 -0.100941 -0.100295 -0.100383 -0.100316 -0.100191 -0.100106
internal_weight=0.228827 0.129073 0.0510254 0.0997537 0.0780475 0.075555 0.0241986 0.0230302 0.0148265 0.00724159 0.00493929 0.00331019 0.00212529 0.0023023
internal_count=382 290 230 92 60 52 40 217 215 195 85 72 65 110
is_linear=0
shrinkage=0.1


Tree=61
num_leaves=15
num_cat=0
split_feature=0 1 1 1 1 1 1 1 0 0 1 0 1 1
split_gain=0.0230676 0.0209189 0.00815274 0.00599293 0.00549081 0.0178744 0.00362406 0.00301967 0.00271245 1.68612e-07 9.22383e-09 3.37093e-09 6.9494e-09 7.02245e-11
threshold=1.6100000000000001 4.2650000000000006 4.6850000000000014 4.5750000000000011 4.5250000000000012 4.5050000000000008 4.705000000000001 4.6150000000000011 0.82500000000000007 2.0250000000000004 4.2750000000000012 2.1900000000000008 4.4150000000000009 4.1850000000000014
decision_type=2 2 2 2 2 2 2 2 2 2 2 2 2 2
left_child=1 -1 3 -3 5 9 -4 -6 -5 -2 13 -12 -13 -11
right_child=4 2 6 8 7 -7 -8 -9 -10 10 11 12 -14 -15
leaf_value=-0.051048106907073613 -0.10115503947248031 0.053261961299878514 0.042738089016357735 0.022550577740627485 -0.10727038899416226 0.10254009997119891 0.10205215065897118 -0.047210959170651934 -0.021087446951513003 -0.10011807766461539 -0.10050478044607628 -0.1001733889065226 -0.10044880916277202 -0.10008157431446647
leaf_weight=0.034573700921100681 0.0031714861636373826 0.033293077656253445 0.020053909825890059 0.027410810278524878 0.019584001053772226 0.0076210091247901337 0.021180949744476152 0.014621454191512839 0.029653365257217956 0.0010344158395696468 0.0010935689255688885 0.001920529761022749 0.0017517347611146761 0.0010744049285165147
leaf_count=11 18 20 11 7 19 3 35 27 35 49 7 65 14 61
internal_value=1.19799e-09 0.0181733 0.0363601 0.0195454 -0.0582152 -0.0129449 0.0732057 -0.0815974 -0.000125896 -0.100552 -0.100274 -0.100351 -0.100305 -0.100099
internal_weight=0.218038 0.166166 0.131592 0.0903573 0.0518726 0.0176671 0.0412349 0.0342055 0.0570642 0.0100461 0.00687465 0.00476583 0.00367226 0.00210882
internal_count=382 119 108 62 263 217 46 46 42 214 196 86 79 110
is_linear=0
shrinkage=0.1


Tree=62
num_leaves=10
num_cat=0
split_feature=0 1 0 0 0 0 1 1 1
split_gain=0.0200098 0.0172283 0.00633424 0.00507416 0.00496161 0.0044451 6.31925e-07 2.63704e-08 3.20285e-10
threshold=1.8750000000000002 4.6450000000000005 0.82500000000000007 1.0300000000000002 2.1900000000000008 1.3950000000000002 4.6650000000000009 4.4150000000000009 4.2750000000000012
decision_type=2 2 2 2 2 2 2 2 2
left_child=1 2 -1 -3 -2 -4 7 8 -6
right_child=4 3 5 -5 6 -7 -8 -9 -10
leaf_value=-0.0517076212501427 -0.032466570279640124 0.029615582737851132 -0.017061950445279982 0.081992437568846332 -0.10008762102591383 0.047116635091148468 -0.10154095355575017 -0.10049621895548316 -0.10014853401975202
leaf_weight=0.030688905535498634 0.027138977580364099 0.04669133900502942 0.028874222631202429 0.030630197991548869 0.0017961500566272539 0.017232943156045621 0.0099222024830396549 0.0038992898976104584 0.0016619063773362086
leaf_count=14 28 36 32 37 105 20 13 32 65
internal_value=2.78199e-10 0.0170434 -0.0165053 0.0503642 -0.0591351 0.00692534 -0.10102 -0.100318 -0.100117
internal_weight=0.198536 0.154118 0.0767961 0.0773215 0.0444185 0.0461072 0.0172795 0.00735735 0.00345806
internal_count=382 139 66 73 243 52 215 202 170
is_linear=0
shrinkage=0.1


Tree=63
num_leaves=10
num_cat=0
split_feature=0 1 1 0 0 1 1 1 1
split_gain=0.0176213 0.0203599 0.00583831 0.0045061 0.00365296 0.00193978 5.01712e-07 2.01086e-08 2.61378e-10
threshold=2.1900000000000008 4.6850000000000014 4.495000000000001 0.93500000000000016 0.85500000000000009 4.6450000000000005 4.6650000000000009 4.4150000000000009 4.2750000000000012
decision_type=2 2 2 2 2 2 2 2 2
left_child=1 2 4 -3 -1 -4 7 8 -2
right_child=6 3 5 -5 -6 -7 -8 -9 -10
leaf_value=-0.016169423142507706 -0.10008177330208201 0.031058739147128762 -0.0071468433163464525 0.10202987496679794 -0.080422784819081106 0.022198917991931535 -0.10143250557531978 -0.10045600790476912 -0.10013933927505168
leaf_weight=0.021021856868173927 0.0016301378948284642 0.014670740090437562 0.060063242599426303 0.022926939636050747 0.015279279540777679 0.036040793920619763 0.0090905227538087274 0.0035710097685424103 0.0015281400143152268
leaf_count=10 105 16 42 41 37 21 13 32 65
internal_value=5.43522e-10 0.00939383 -0.0090473 0.0743367 -0.0432139 0.00385836 -0.100948 -0.100293 -0.10011
internal_weight=0.185823 0.170003 0.132405 0.0375977 0.0363011 0.096104 0.0158198 0.00672929 0.00315828
internal_count=382 167 110 57 47 63 215 202 170
is_linear=0
shrinkage=0.1


Tree=64
num_leaves=10
num_cat=0
split_feature=0 1 1 0 0 1 1 1 1
split_gain=0.0162777 0.0149436 0.00769414 0.00538271 0.00452278 0.00280678 3.70133e-07 1.8519e-08 1.98383e-10
threshold=1.6100000000000001 4.2650000000000006 4.6850000000000014 1.1600000000000001 2.1900000000000008 4.705000000000001 4.6650000000000009 4.4150000000000009 4.2750000000000012
decision_type=2 2 2 2 2 2 2 2 2
left_child=1 -1 3 -3 -2 -4 7 8 -6
right_child=4 2 5 -5 6 -7 -8 -9 -10
leaf_value=-0.048636877759141967 -0.030835756785975263 -0.0042391935795739145 0.043886959599593725 0.053145696716857739 -0.10007478158888986 0.10178930406033418 -0.1013147037812978 -0.1004476358977404 -0.10012768308643183
leaf_weight=0.02766729686754843 0.025896140708056237 0.047387492924826802 0.016358057162506157 0.024953057499260467 0.0014620562556189052 0.017147576155881694 0.0081326182456677998 0.0033488238820709171 0.0013760406913583267
leaf_count=11 48 43 11 19 105 35 13 32 65
internal_value=5.6313e-10 0.0167995 0.033904 0.0155551 -0.0557732 0.0735203 -0.100871 -0.100288 -0.1001
internal_weight=0.173729 0.133513 0.105846 0.0723406 0.0402157 0.0335056 0.0143195 0.00618692 0.0028381
internal_count=382 119 108 62 263 46 215 202 170
is_linear=0
shrinkage=0.1


Tree=65
num_leaves=16
num_cat=0
split_feature=1 0 0 0 1 0 1 1 0 1 0 0 1 1 0
split_gain=0.0151678 0.00509276 0.00492732 0.0139246 0.00957228 0.00426294 0.00997965 0.00312619 0.00150874 0.00265008 2.85564e-06 2.88674e-07 4.74291e-09 1.45376e-09 2.83422e-09
threshold=4.6450000000000005 0.63500000000000012 0.82500000000000007 1.0050000000000001 4.535000000000001 0.82500000000000007 4.6850000000000014 4.5050000000000008 0.93500000000000016 4.7150000000000007 1.1050000000000002 2.0250000000000004 4.2750000000000012 4.4150000000000009 2.6650000000000005
decision_type=2 2 2 2 2 2 2 2 2 2 2 2 2 2 2
left_child=1 -1 -3 -4 7 -2 -7 10 -8 -10 -5 -12 -13 14 -14
right_child=5 2 3 4 -6 6 8 -9 9 -11 11 12 13 -15 -16
leaf_value=0.084976734243482788 0.083197508185858082 -0.075774190458304247 0.09939539655891183 -0.10363057201587718 0.013739409309796523 -0.029926977368895248 0.026507929745224604 -0.042075629869066364 0.10168735341441518 0.033693412759650966 -0.10127082869927868 -0.10006703569522735 -0.10035638107839012 -0.10037134248778233 -0.10012311075611768
leaf_weight=0.0038771133695263407 0.014332206346473697 0.019953797498601489 0.0086297414545697393 0.0053904820233583442 0.022846946116779066 0.022362455033146489 0.011755864574780617 0.019244865185214621 0.01250420946873021 0.01058412555261512 0.0060061610401476173 0.0013303774720050399 0.0010220813639101323 0.0013292345777635717 0.0010620929406144342
leaf_count=3 8 11 12 1 37 20 12 8 16 36 22 110 27 14 45
internal_value=-6.92661e-10 -0.0271567 -0.0321645 -0.01915 -0.0367178 0.0344278 0.0222093 -0.0692961 0.0556695 0.0705177 -0.101752 -0.10081 -0.100227 -0.10029 -0.100238
internal_weight=0.162232 0.0906929 0.0868158 0.066862 0.0582322 0.0715389 0.0572067 0.0353853 0.0348442 0.0230883 0.0161404 0.0107499 0.00474379 0.00341341 0.00208417
internal_count=382 290 287 276 264 92 84 227 64 52 219 218 196 86 72
is_linear=0
shrinkage=0.1


Tree=66
num_leaves=10
num_cat=0
split_feature=0 1 1 1 1 1 0 1 1
split_gain=0.0132748 0.0168825 0.0059659 0.002442 0.00756226 2.35614e-07 1.766e-07 9.47627e-09 1.22271e-10
threshold=2.1900000000000008 4.6450000000000005 4.705000000000001 4.2650000000000006 4.5250000000000012 4.6650000000000009 1.0950000000000004 4.4150000000000009 4.2750000000000012
decision_type=2 2 2 2 2 2 2 2 2
left_child=1 3 -3 -1 -5 7 -4 8 -2
right_child=5 2 6 4 -6 -7 -8 -9 -10
leaf_value=-0.049496474921853932 -0.1000636236080331 0.029822576021630211 0.10122311460012356 0.053258052822842697 -0.032759945962286353 -0.10113616693219318 0.10189031534779017 -0.1003620618339314 -0.10011015609084833
leaf_weight=0.02286539880554983 0.001144878175523445 0.043019410469483432 0.0080992538165709504 0.013807456453747591 0.039342473084616358 0.0069563714841933688 0.007775860148210966 0.0027914537887454571 0.0011143036649698956
leaf_count=16 105 33 22 36 37 13 23 32 65
internal_value=-5.77002e-10 0.00896755 0.0491568 -0.0221699 -0.0104139 -0.100759 0.10155 -0.100239 -0.100087
internal_weight=0.146917 0.13491 0.0588945 0.0760153 0.0531499 0.012007 0.0158751 0.00505064 0.00225918
internal_count=382 167 78 89 73 215 45 202 170
is_linear=0
shrinkage=0.1


Tree=67
num_leaves=11
num_cat=0
split_feature=1 0 1 0 0 0 1 1 1 1
split_gain=0.0124867 0.00598395 0.00468227 0.00748592 0.00523651 0.00133338 0.00203433 2.39673e-07 8.19025e-09 6.17075e-11
threshold=4.6850000000000014 2.1900000000000008 4.535000000000001 1.1600000000000001 0.97500000000000009 0.93500000000000016 4.7150000000000007 4.6650000000000009 4.4150000000000009 4.2650000000000006
decision_type=2 2 2 2 2 2 2 2 2 2
left_child=1 2 4 -4 -1 -2 -7 8 9 -3
right_child=5 7 3 -5 -6 6 -8 -9 -10 -11
leaf_value=0.0051685923164899355 0.028092370564918187 -0.10005975918231669 -0.020776094304483607 0.055204808899464511 -0.063853207338973136 0.10146629470000096 0.037176114934097552 -0.10135766829559918 -0.10034546946585154 -0.10009459809494128
leaf_weight=0.019614766142694862 0.010909934411962752 0.001011522448798984 0.031666431030316744 0.021958593243425639 0.025003259993894744 0.010607161705991075 0.0091828742209241199 0.0031587900593876839 0.0025871084581226 0.0010221495822779758
leaf_count=15 16 101 33 21 41 16 36 2 32 69
internal_value=-5.65747e-10 -0.016262 -0.00957668 0.0103369 -0.0335102 0.0561609 0.0716347 -0.100686 -0.100227 -0.100077
internal_weight=0.136723 0.106023 0.0982431 0.053625 0.044618 0.0307 0.01979 0.00777957 0.00462078 0.00203367
internal_count=382 314 110 54 56 68 52 204 202 170
is_linear=0
shrinkage=0.1


Tree=68
num_leaves=13
num_cat=0
split_feature=1 0 0 0 1 1 1 0 0 0 0 1
split_gain=0.011257 0.00393755 0.0041851 0.00993881 0.00781943 0.00349444 0.00221772 0.000883695 1.67956e-06 1.37359e-07 1.41728e-09 1.82916e-09
threshold=4.6450000000000005 0.63500000000000012 0.82500000000000007 1.0050000000000001 4.5050000000000008 4.7250000000000005 4.535000000000001 0.95500000000000007 1.1050000000000002 2.0250000000000004 2.4450000000000007 4.4050000000000011
decision_type=2 2 2 2 2 2 2 2 2 2 2 2
left_child=1 -1 -3 -4 8 7 -6 -2 -5 -10 -11 -12
right_child=5 2 3 4 6 -7 -8 -9 9 10 11 -13
leaf_value=0.083740967725424054 0.0037435987871628552 -0.076043895942415368 0.098706400805072383 -0.10308042466657052 -0.037449749566401715 0.076971022308096118 0.014648686404665483 0.032492297814829436 -0.10101651765277107 -0.1002849060540557 -0.10007472528189561 -0.1002488185136316
leaf_weight=0.0030993654509074977 0.019957710046810462 0.016108987641928252 0.0064269402246281962 0.0044083730317652234 0.014782461795590507 0.013807014446891586 0.018267641677539359 0.023030660642763934 0.0045636545599165856 0.0010202519759836548 0.0014930650006892421 0.00101296524272243
leaf_count=3 17 11 12 1 8 40 37 35 22 32 151 13
internal_value=5.85377e-10 -0.0264916 -0.0315097 -0.017707 -0.0341331 0.0332029 -0.0086536 0.0191455 -0.10151 -0.100654 -0.100186 -0.100145
internal_weight=0.127979 0.0711837 0.0680843 0.0519754 0.0455484 0.0567954 0.0330501 0.0429884 0.0124983 0.00808994 0.00352628 0.00250603
internal_count=382 290 287 276 264 92 45 52 219 218 196 164
is_linear=0
shrinkage=0.1


Tree=69
num_leaves=10
num_cat=0
split_feature=0 1 1 1 0 0 0 1 1
split_gain=0.0105149 0.0133534 0.00487201 0.00213246 0.00170846 0.000105318 2.17802e-07 1.33882e-07 3.65849e-09
threshold=2.1900000000000008 4.6450000000000005 4.705000000000001 4.2650000000000006 1.6100000000000001 1.1450000000000002 1.2100000000000002 4.6650000000000009 4.4150000000000009
decision_type=2 2 2 2 2 2 2 2 2
left_child=1 3 -3 -1 5 -5 -4 8 -2
right_child=7 2 6 4 -6 -7 -8 -9 -10
leaf_value=-0.051023488372274856 -0.10006769954767268 0.029146281724846373 0.10097543854417086 -0.00018528573898950372 -0.034557087026103113 0.012600981968503028 0.10180915299011586 -0.10094792844825998 -0.1002678069489375
leaf_weight=0.018071346334068039 0.0016378202282165688 0.035107810341926893 0.007180868331658985 0.012901623100333381 0.017118205801850195 0.012866083078051815 0.0055594144724597783 0.0058385723228866482 0.0020663113416432566
leaf_count=16 170 33 27 26 32 15 18 13 32
internal_value=-9.71079e-10 0.00882741 0.0483688 -0.0222104 -0.0100691 0.00619903 0.101339 -0.10065 -0.100179
internal_weight=0.118348 0.108805 0.0478481 0.0609573 0.0428859 0.0257677 0.0127403 0.0095427 0.00370413
internal_count=382 167 78 89 73 41 45 215 202
is_linear=0
shrinkage=0.1


Tree=70
num_leaves=11
num_cat=0
split_feature=1 1 0 0 0 0 1 0 0 0
split_gain=0.00999056 0.00362523 0.00490702 0.00302884 0.00190214 0.0010223 0.00201341 1.23955e-06 8.42797e-08 3.99852e-10
threshold=4.6850000000000014 4.495000000000001 0.97500000000000009 1.6650000000000003 1.1450000000000002 0.93500000000000016 4.7150000000000007 1.1050000000000002 2.0250000000000004 2.8850000000000002
decision_type=2 2 2 2 2 2 2 2 2 2
left_child=1 2 -1 4 -3 -2 -7 -4 -9 -10
right_child=5 3 7 -5 -6 6 -8 8 9 -11
leaf_value=-0.0093683724410680118 0.027364171851509418 -0.0060558295903190831 -0.10282710559375836 -0.038488939750008909 0.036712934292172428 0.10129705630047872 0.031743244340324654 -0.10089295862337913 -0.10020436210112632 -0.10012504078343537
leaf_weight=0.013145092905688216 0.0089379395219921776 0.027120823018776719 0.0040028855373748229 0.017858943282353934 0.016865831301174694 0.0090317221709543816 0.0077187665842650679 0.00364184938047174 0.0010267033618891475 0.0016678919174921703
leaf_count=13 16 35 2 30 19 16 36 20 66 129
internal_value=3.35989e-10 -0.0164594 -0.0499083 -0.00375802 0.010343 0.0546738 0.0692461 -0.10145 -0.100579 -0.100155
internal_weight=0.111018 0.08533 0.0234844 0.0618456 0.0439867 0.0256884 0.0167505 0.0103393 0.00633644 0.0026946
internal_count=382 314 230 84 54 68 52 217 215 195
is_linear=0
shrinkage=0.1


Tree=71
num_leaves=9
num_cat=0
split_feature=0 1 0 1 0 0 1 1
split_gain=0.00926463 0.0119449 0.00238485 0.00173846 0.00129122 8.12174e-05 9.66602e-08 2.68002e-09
threshold=2.1900000000000008 4.6450000000000005 1.0300000000000002 4.2650000000000006 1.6100000000000001 1.1450000000000002 4.6650000000000009 4.4150000000000009
decision_type=2 2 2 2 2 2 2 2
left_child=1 3 -3 -1 5 -5 7 -2
right_child=6 2 -4 4 -6 -7 -8 -9
leaf_value=-0.049954634961995752 -0.1000582759643322 0.029347862461154308 0.077839884352634656 -0.0016506539440570693 -0.033267121333487547 0.010269581056051216 -0.1008669903744927 -0.10024525396242148
leaf_weight=0.016060284716616025 0.0013234611115304773 0.025700872682329567 0.016752874649142768 0.011445153764725546 0.015249687532985945 0.011418196260251534 0.0052745246325116568 0.001821810822660197
leaf_count=16 170 36 42 26 32 15 13 32
internal_value=1.79699e-09 0.00876645 0.0484835 -0.0223584 -0.0107298 0.00430244 -0.100605 -0.100167
internal_weight=0.105047 0.0966271 0.0424537 0.0541733 0.038113 0.0228634 0.0084198 0.00314527
internal_count=382 167 78 89 73 41 215 202
is_linear=0
shrinkage=0.1


Tree=72
num_leaves=11
num_cat=0
split_feature=1 1 0 0 0 1 1 0 0 0
split_gain=0.00883188 0.00305098 0.00441489 0.00248664 0.00160485 0.00106783 0.000638617 9.25837e-07 6.35266e-08 1.48394e-10
threshold=4.6850000000000014 4.495000000000001 0.97500000000000009 1.6650000000000003 1.1450000000000002 4.7250000000000005 4.7600000000000007 1.1050000000000002 2.0250000000000004 2.9050000000000007
decision_type=2 2 2 2 2 2 2 2 2 2
left_child=1 2 -1 4 -3 -2 -7 -4 -9 -10
right_child=5 3 7 -5 -6 6 -8 8 9 -11
leaf_value=-0.00835836809708102 0.033596957548395957 -0.0065303755213482768 -0.1026088856417514 -0.037524772168214308 0.035299332421449413 0.10136880988913033 0.053107664134193933 -0.10083081853026671 -0.10016658166845063 -0.10011482069048892
leaf_weight=0.011585946849663742 0.012440557374731043 0.024180392097150616 0.0036232629745427403 0.015963764768921251 0.014777350278905033 0.0052963243586310327 0.0056848627292396259 0.003267324766440538 0.0010232921940289685 0.0012073973076507372
leaf_count=13 28 35 2 30 19 15 25 20 72 123
internal_value=1.7499e-10 -0.0166175 -0.0493279 -0.00428453 0.00933636 0.0536577 0.0763844 -0.101368 -0.10055 -0.100139
internal_weight=0.0990505 0.0756287 0.0207072 0.0549215 0.0389577 0.0234217 0.0109812 0.00912128 0.00549801 0.00223069
internal_count=382 314 230 84 54 68 40 217 215 195
is_linear=0
shrinkage=0.1


Tree=73
num_leaves=10
num_cat=0
split_feature=0 1 1 0 1 0 0 1 1
split_gain=0.00823757 0.0104681 0.00247513 0.00246678 0.00146597 0.00103747 2.79698e-05 7.12676e-08 1.95797e-09
threshold=2.1900000000000008 4.6450000000000005 4.6850000000000014 0.93500000000000016 4.2650000000000006 1.6100000000000001 1.1450000000000002 4.6650000000000009 4.4150000000000009
decision_type=2 2 2 2 2 2 2 2 2
left_child=1 4 -3 -4 -1 6 -6 8 -2
right_child=7 2 3 -5 5 -7 -8 -9 -10
leaf_value=-0.049100251101101805 -0.10005029752534787 0.021520308727148187 0.02910147843800065 0.10125092334236566 -0.00039558955349785514 -0.032292356672194045 0.0070241922274553717 -0.10079833818161131 -0.10022477064816973
leaf_weight=0.014317408025448231 0.0010721380309250952 0.018547028158081957 0.0078975692287830412 0.01184773164617603 0.010020680655543401 0.013630708803447078 0.010305328357276267 0.0048158342879105476 0.0016077182511766708
leaf_count=16 170 21 16 41 26 32 15 13 32
internal_value=-4.53827e-10 0.0087081 0.0477527 0.0723932 -0.0222631 -0.0109476 0.00336626 -0.100568 -0.100155
internal_weight=0.0940621 0.0865665 0.0382923 0.0197453 0.0482741 0.0339567 0.020326 0.00749569 0.00267986
internal_count=382 167 78 57 89 73 41 215 202
is_linear=0
shrinkage=0.1


Tree=74
num_leaves=10
num_cat=0
split_feature=1 1 0 0 0 1 0 0 0
split_gain=0.00759053 0.00267762 0.00396197 0.0021833 0.00141882 0.000808481 0.000765495 6.90116e-07 4.77752e-08
threshold=4.6850000000000014 4.495000000000001 0.97500000000000009 1.6650000000000003 1.1450000000000002 4.7250000000000005 1.2100000000000002 1.1050000000000002 2.0250000000000004
decision_type=2 2 2 2 2 2 2 2 2
left_child=1 2 -1 4 -3 -2 -7 -4 -9
right_child=5 3 7 -5 -6 6 -8 8 -10
leaf_value=-0.0075492716069887923 0.034529704910292627 -0.0063631224239665985 -0.1024048868765306 -0.036935950861530384 0.035127296773210769 0.10090761220665521 0.044534685964356509 -0.10077232248536348 -0.10012348560463846
leaf_weight=0.010231914451651392 0.010902376575399941 0.021684453315174324 0.0032777136548247654 0.014330857418647369 0.013295402492644826 0.005095021890306306 0.004568843812077894 0.0029327865499908512 0.0018511157607798978
leaf_count=13 28 35 2 30 19 20 20 20 195
internal_value=-4.03129e-10 -0.0161832 -0.0488578 -0.00406145 0.00940686 0.0531966 0.0742558 -0.101287 -0.100521
internal_weight=0.0881705 0.0676042 0.0182935 0.0493107 0.0349799 0.0205662 0.00966387 0.00806162 0.0047839
internal_count=382 314 230 84 54 68 40 217 215
is_linear=0
shrinkage=0.1


Tree=75
num_leaves=10
num_cat=0
split_feature=0 1 1 0 1 0 0 1 1
split_gain=0.00733359 0.00950696 0.00192474 0.00226442 0.00122975 0.000839077 3.15145e-05 5.25767e-08 1.27815e-09
threshold=2.1900000000000008 4.6450000000000005 4.6850000000000014 0.93500000000000016 4.2650000000000006 1.6100000000000001 1.1450000000000002 4.6650000000000009 4.495000000000001
decision_type=2 2 2 2 2 2 2 2 2
left_child=1 4 -3 -4 -1 6 -6 8 -2
right_child=7 2 3 -5 5 -7 -8 -9 -10
leaf_value=-0.048417044070744979 -0.10007736996489086 0.023888867022781202 0.027572672434108925 0.10114794606938381 -0.002027671516753773 -0.031703816371004424 0.0063014800023530569 -0.10073542607757563 -0.10022770233370591
leaf_weight=0.012793793962913469 0.0012703677634693369 0.016528075113455998 0.0069993437611746137 0.010396114040463811 0.009015940202971251 0.012238349561776829 0.0091557200177021514 0.0043881408251422727 0.0010193778143943177
leaf_count=16 183 21 16 41 26 32 15 13 19
internal_value=1.6135e-09 0.00870439 0.0483255 0.0715437 -0.0224061 -0.011463 0.00216894 -0.100533 -0.100144
internal_weight=0.0838052 0.0771273 0.0339235 0.0173955 0.0432038 0.03041 0.0181717 0.00667789 0.00228975
internal_count=382 167 78 57 89 73 41 215 202
is_linear=0
shrinkage=0.1


Tree=76
num_leaves=9
num_cat=0
split_feature=0 1 1 0 0 0 1 0
split_gain=0.00662887 0.00890681 0.0018389 0.00192433 0.00123322 0.00100392 4.06266e-08 4.61991e-10
threshold=2.1900000000000008 4.6450000000000005 4.6850000000000014 0.93500000000000016 1.5450000000000002 0.88500000000000012 4.6650000000000009 3.3050000000000002
decision_type=2 2 2 2 2 2 2 2
left_child=1 4 -3 -4 5 -1 7 -2
right_child=6 2 3 -5 -6 -7 -8 -9
leaf_value=-0.020507043607057084 -0.10008934567825666 0.023691003448100358 0.030940584119052778 0.10106267855732841 -0.0025332675807041398 -0.062886206843404846 -0.1006818062102332 -0.10018302299633158
leaf_weight=0.013840998690284323 0.0010083229371624638 0.01560180836975178 0.0067060356975421334 0.0093981613880305126 0.017615721191681644 0.0093765629001154593 0.0039481448851859113 0.0011016428145080859
leaf_count=20 108 21 16 41 40 29 13 94
internal_value=1.2608e-09 0.00839262 0.0481585 0.0718628 -0.0224846 -0.0376221 -0.100492 -0.100138
internal_weight=0.0785974 0.0725393 0.031706 0.0161042 0.0408333 0.0232176 0.00605811 0.00210997
internal_count=382 167 78 57 89 49 215 202
is_linear=0
shrinkage=0.1


Tree=77
num_leaves=11
num_cat=0
split_feature=0 1 1 1 1 1 0 1 0 1
split_gain=0.00610707 0.00597239 0.0023312 0.00581835 0.00183329 0.0016036 0.00165155 0.000829473 0.000135562 1.8957e-08
threshold=1.6100000000000001 4.6450000000000005 4.5250000000000012 4.5050000000000008 4.2650000000000006 4.6850000000000014 0.93500000000000016 4.5850000000000009 1.1450000000000002 4.4450000000000012
decision_type=2 2 2 2 2 2 2 2 2 2
left_child=1 4 3 9 -1 -3 -7 -4 -6 -2
right_child=2 5 7 -5 8 6 -8 -9 -10 -11
leaf_value=-0.047789321127626655 -0.10012446149641013 0.024205976962112116 -0.10325115072663188 0.10081970422421452 -0.0046783631300647719 0.0327666366800888 0.10101732926621083 -0.049135104670299218 0.013898041448939131 -0.100641454693744
leaf_weight=0.011654539032065259 0.0016463489439764159 0.014853093653414362 0.0061761208350095131 0.0028588380612220021 0.0079054586699385254 0.0063221237385944215 0.0080728310552555804 0.0052315687831541169 0.0078086976101303654 0.0012460561527554148
leaf_count=11 195 21 13 3 26 16 30 33 15 19
internal_value=-8.81691e-10 0.0158392 -0.0522622 -0.000350793 -0.0177364 0.0472573 0.0710423 -0.0784335 0.00455265 -0.100347
internal_weight=0.0737757 0.0566167 0.0171589 0.00575124 0.0273687 0.029248 0.014395 0.0114077 0.0157142 0.00289241
internal_count=382 119 263 217 52 67 46 46 41 214
is_linear=0
shrinkage=0.1


Tree=78
num_leaves=9
num_cat=0
split_feature=0 1 1 0 0 1 0 1
split_gain=0.00576267 0.0071345 0.00174572 0.00145414 0.00115291 0.0013251 0.000870601 2.87404e-08
threshold=2.1900000000000008 4.6450000000000005 4.6850000000000014 0.93500000000000016 0.82500000000000007 4.535000000000001 1.3950000000000002 4.6650000000000009
decision_type=2 2 2 2 2 2 2 2
left_child=1 4 -3 -4 -1 6 -6 -2
right_child=7 2 3 -5 5 -7 -8 -9
leaf_value=-0.049743288184854552 -0.10012737103395174 0.021448938558987003 0.035324712432642548 0.10091269384496004 -0.0011636365085116751 0.020536158959450105 -0.04801447923308063 -0.10061896302103922
leaf_weight=0.010118206346305669 0.0018136128000243437 0.01361598624708904 0.0060456176016696617 0.0076675176909446474 0.0071612218698646748 0.0091713413376055541 0.0088901520986581772 0.0034546970490509921
leaf_count=14 202 21 16 41 11 28 36 13
internal_value=-1.59749e-09 0.00844423 0.046813 0.0719974 -0.0212263 -0.00978661 -0.0271123 -0.10045
internal_weight=0.0679384 0.06267 0.0273291 0.0137131 0.0353409 0.0252227 0.0160514 0.00526831
internal_count=382 167 78 57 89 75 47 215
is_linear=0
shrinkage=0.1


Tree=79
num_leaves=9
num_cat=0
split_feature=0 1 1 0 1 0 1 0
split_gain=0.00522827 0.00670229 0.00221908 0.00274546 0.00126257 0.000817863 2.23728e-08 1.92559e-09
threshold=2.1900000000000008 4.6850000000000014 4.495000000000001 0.97500000000000009 4.705000000000001 1.1600000000000001 4.6650000000000009 0.88500000000000012
decision_type=2 2 2 2 2 2 2 2
left_child=1 2 3 -1 -3 -4 -2 -6
right_child=6 4 5 -5 7 -7 -8 -9
leaf_value=-0.0065434947102890181 -0.10011573700444998 0.037786833437231382 -0.012148687101008372 -0.10120589466323314 0.10095940473725154 0.019192288869546631 -0.10057080406469494 0.10085397864620889
leaf_weight=0.0074994104643337778 0.0016443537767105712 0.0058066635162408176 0.016224256648001756 0.0051800366984409152 0.0031980202402106528 0.017104444201891056 0.0031498782301753181 0.0037805001244992642
leaf_count=13 202 12 36 34 10 27 13 35
internal_value=1.01625e-09 0.0081882 -0.00961031 -0.0452167 0.0722371 0.00393565 -0.100415 0.100902
internal_weight=0.0635876 0.0587933 0.0460081 0.0126794 0.0127852 0.0333287 0.00479423 0.00697852
internal_count=382 167 110 47 57 63 215 45
is_linear=0
shrinkage=0.1


Tree=80
num_leaves=15
num_cat=0
split_feature=1 1 0 1 1 1 1 0 0 1 0 1 0 0
split_gain=0.00510746 0.00177878 0.00282532 0.00261674 0.00183883 0.00527982 0.00184236 0.0054543 0.00146463 0.00128379 0.000432488 3.62797e-05 6.38877e-07 1.02976e-07
threshold=4.6450000000000005 4.6250000000000009 0.80000000000000016 4.535000000000001 4.5250000000000012 4.495000000000001 4.2250000000000005 1.0050000000000001 0.90500000000000014 4.6850000000000014 1.0300000000000002 4.7250000000000005 0.85500000000000009 1.1050000000000002
decision_type=2 2 2 2 2 2 2 2 2 2 2 2 2 2
left_child=1 2 -1 4 5 6 7 -4 -2 -10 -11 -12 -8 -9
right_child=8 -3 3 -5 -6 -7 12 13 9 10 11 -13 -14 -15
leaf_value=0.084984749239476035 0.065319824641871957 -0.097042897886713386 0.096931153871591721 0.019974187046697969 -0.10034320546298102 0.092707368356826927 -0.10258860162636976 -0.10167428682030435 -0.016234681470729574 0.011556310369913565 0.061326351360593369 0.046466622505975719 -0.10032781626429668 -0.10054794822481479
leaf_weight=0.0024089816397463428 0.0089895808460909166 0.0032226271025486133 0.0023370586241071578 0.0079982317223667998 0.0049885790631378759 0.0028186378226777728 0.0035651866346597672 0.0021002204157412052 0.0073424762527789502 0.0037998922051547535 0.0033044917057494239 0.0032677822567352965 0.0019248151751993792 0.0013230374082606744
leaf_count=9 22 8 4 37 5 7 1 1 16 8 21 25 131 87
internal_value=-1.87391e-10 -0.0265057 -0.0187909 -0.0280309 -0.048178 -0.0296813 -0.0603444 -0.020838 0.0324444 0.0157613 0.0384113 0.053938 -0.101796 -0.101239
internal_weight=0.0593916 0.0326874 0.0294647 0.0270558 0.0190575 0.014069 0.0112503 0.00576032 0.0267042 0.0177146 0.0103722 0.00657227 0.00549 0.00342326
internal_count=382 290 282 273 236 231 224 92 92 70 54 46 132 88
is_linear=0
shrinkage=0.1


Tree=81
num_leaves=9
num_cat=0
split_feature=1 0 1 0 1 1 1 0
split_gain=0.00446477 0.00151717 0.00199022 0.00152853 0.00122847 0.0035599 0.000540711 0.000531638
threshold=4.6850000000000014 1.6100000000000001 4.2650000000000006 1.1600000000000001 4.5250000000000012 4.5050000000000008 4.7250000000000005 1.2100000000000002
decision_type=2 2 2 2 2 2 2 2
left_child=1 2 -1 -4 5 -3 -2 -8
right_child=6 4 3 -5 -6 -7 7 -9
leaf_value=-0.048606561017356477 0.031823912777478564 -0.10023311708827978 -0.0092849129745927322 0.045362308609067634 -0.077425271161471063 0.099404045574772615 0.10067338311525274 0.041521266643548771
leaf_weight=0.0078700595678355967 0.0066303846234399 0.0018506398132653867 0.014646082109948111 0.0078681406542671084 0.0062202044564134695 0.0017265144817386613 0.0032559656189710129 0.0028488324760513883
leaf_count=11 28 214 43 19 24 3 20 20
internal_value=-8.4638e-11 -0.0163528 -0.00531877 0.00981288 -0.0505722 -0.00387819 0.0515957 0.0730698
internal_weight=0.0529168 0.0401816 0.0303843 0.0225142 0.00979736 0.00357715 0.0127352 0.0061048
internal_count=382 314 73 62 241 217 68 40
is_linear=0
shrinkage=0.1


Tree=82
num_leaves=8
num_cat=0
split_feature=0 1 1 0 0 0 1
split_gain=0.00428224 0.00426939 0.00164259 0.00132593 0.00120113 0.00118376 1.25609e-08
threshold=1.6100000000000001 4.6850000000000014 4.2650000000000006 0.93500000000000016 2.1900000000000008 1.1600000000000001 4.6650000000000009
decision_type=2 2 2 2 2 2 2
left_child=1 2 -1 -3 -2 -4 -6
right_child=4 3 5 -5 6 -7 -8
leaf_value=-0.045995457645612199 -0.030782123500427284 0.028858345835326062 -0.0079478850184072358 0.10081725537058894 -0.10008648102349282 0.041796429253199513 -0.10047606948617423
leaf_weight=0.0071783391015003408 0.0069316002251991193 0.0044689549582974664 0.013722286931397321 0.005996669784086861 0.0012003477807873697 0.0073441714665136706 0.002664837898223027
leaf_count=11 48 16 43 30 202 19 13
internal_value=6.38216e-10 0.0155323 -0.00468313 0.0700899 -0.0556888 0.00939394 -0.100355
internal_weight=0.0495072 0.0387104 0.0282448 0.0104656 0.0107968 0.0210665 0.00386519
internal_count=382 119 73 46 263 62 215
is_linear=0
shrinkage=0.1


Tree=83
num_leaves=11
num_cat=0
split_feature=1 0 0 0 1 1 1 0 0 0
split_gain=0.00394339 0.00168895 0.00132948 0.00373791 0.00210547 0.00113858 0.000705139 0.000506766 0.000249703 5.95819e-08
threshold=4.6450000000000005 0.63500000000000012 0.82500000000000007 1.0050000000000001 4.5050000000000008 4.7250000000000005 4.535000000000001 1.2100000000000002 0.95500000000000007 1.2850000000000004
decision_type=2 2 2 2 2 2 2 2 2 2
left_child=1 -1 -3 -4 9 8 -6 -7 -2 -5
right_child=5 2 3 4 6 7 -8 -9 -10 -11
leaf_value=0.088955859576439769 0.0040992378334083436 -0.075995838423998555 0.099044975959173789 -0.10100580952352463 -0.04410409145701974 0.10058780885282999 0.0055533127453320603 0.039254191878419553 0.028950586921327476 -0.10022749236447014
leaf_weight=0.0011871230744873165 0.0072889104092279658 0.0055632950998187871 0.0022978135425546489 0.0021061679581180224 0.0050789236822232908 0.002779510376661797 0.0065442385925775781 0.0026140907470536545 0.0090797778493947323 0.0018452979689249638
leaf_count=3 17 11 12 2 8 20 37 20 35 217
internal_value=4.26984e-10 -0.0274112 -0.0333057 -0.0200172 -0.0375832 0.0310143 -0.0161453 0.0708615 0.0178844 -0.100642
internal_weight=0.0463851 0.0246229 0.0234357 0.0178724 0.0155746 0.0217623 0.0116232 0.0053936 0.0163687 0.00395147
internal_count=382 290 287 276 264 92 45 40 52 219
is_linear=0
shrinkage=0.1


Tree=84
num_leaves=9
num_cat=0
split_feature=0 1 1 0 1 1 1 0
split_gain=0.00368874 0.00385906 0.00137653 0.00115927 0.00115286 0.00258525 0.000682895 0.000432436
threshold=1.8750000000000002 4.6850000000000014 4.2650000000000006 0.93500000000000016 4.5250000000000012 4.5050000000000008 4.5750000000000011 0.82500000000000007
decision_type=2 2 2 2 2 2 2 2
left_child=1 2 -1 -3 5 -2 -4 -8
right_child=4 3 6 -5 -6 -7 7 -9
leaf_value=-0.046755821057690876 -0.10019371479731301 0.029232987360421417 0.034344701068395926 0.10072481375018552 -0.077790324986282036 0.098646204219699607 0.01465886175470495 -0.023642829285866439
leaf_weight=0.0060695804187105287 0.0012909627110546662 0.0039493590814276835 0.0064625346122451069 0.0053281098239238434 0.006681984935161589 0.0013249842736797746 0.0054509669437265984 0.0064188390012134278
leaf_count=11 202 16 34 36 38 3 7 35
internal_value=7.73811e-10 0.0153933 -0.00547862 0.0702912 -0.0557581 0.000519246 0.00818768 -0.00605356
internal_weight=0.0429773 0.0336794 0.0244019 0.00927747 0.00929793 0.00261595 0.0183323 0.0118698
internal_count=382 139 87 52 243 205 76 42
is_linear=0
shrinkage=0.1


Tree=85
num_leaves=12
num_cat=0
split_feature=1 1 0 0 0 1 1 1 0 0 0
split_gain=0.00356456 0.00124928 0.0019075 0.00119842 0.00298594 0.00186609 0.00100735 0.000520638 0.000393496 0.000223551 3.4612e-08
threshold=4.6450000000000005 4.6250000000000009 0.80000000000000016 0.82500000000000007 1.0050000000000001 4.535000000000001 4.7250000000000005 4.5050000000000008 1.2100000000000002 0.95500000000000007 1.2850000000000004
decision_type=2 2 2 2 2 2 2 2 2 2 2
left_child=1 2 -1 -4 -5 7 9 10 -8 -2 -6
right_child=6 -3 3 4 5 -7 8 -9 -10 -11 -12
leaf_value=0.080815031412763319 0.0040701092151877406 -0.097130518446620642 -0.10159551261968031 0.098672312661465533 -0.10083800230595792 0.0074041660200009109 0.10052200169764201 -0.046878548342382254 0.042135384268444202 0.029263816603497847 -0.10017435059782752
leaf_weight=0.0017076820704460252 0.0062499450952273614 0.0023600388686730858 0.0020582071119861203 0.0018490853874482136 0.001749045099131763 0.0053941899043368213 0.0023605953092494239 0.0041977073435113255 0.0022587920815936302 0.0080693067188863932 0.0014270504061721923
leaf_count=9 17 8 2 10 2 34 20 8 20 35 217
internal_value=1.20273e-10 -0.0286383 -0.0198451 -0.0301535 -0.0200939 -0.0372938 0.0313667 -0.0699919 0.0719721 0.0182675 -0.10054
internal_weight=0.0396816 0.020743 0.018383 0.0166753 0.0146171 0.012768 0.0189386 0.0073738 0.00461939 0.0143193 0.0031761
internal_count=382 290 282 273 271 261 92 227 40 52 219
is_linear=0
shrinkage=0.1


Tree=86
num_leaves=12
num_cat=0
split_feature=1 1 0 0 0 1 1 1 1 0 0
split_gain=0.0032383 0.00103398 0.00170376 0.00101041 0.00264244 0.0014867 0.000951807 0.000473952 0.000356058 0.000221217 2.83112e-08
threshold=4.6450000000000005 4.6250000000000009 0.80000000000000016 0.82500000000000007 1.0050000000000001 4.535000000000001 4.7250000000000005 4.5050000000000008 4.7600000000000007 0.95500000000000007 1.2850000000000004
decision_type=2 2 2 2 2 2 2 2 2 2 2
left_child=1 2 -1 -4 -5 7 9 10 -8 -2 -6
right_child=6 -3 3 4 5 -7 8 -9 -10 -11 -12
leaf_value=0.078180173798736471 0.0030590441179054982 -0.096285196000772996 -0.10143144678488752 0.09826970645030926 -0.1007861922697888 0.0034812573082785834 0.10062933800168231 -0.046528663421245356 0.043103548959547315 0.028887603667057185 -0.10014080458896538
leaf_weight=0.0015726078063380547 0.0059443221083785858 0.0020405681539124023 0.001803517970984104 0.0016135159896748527 0.0016007116064429283 0.0049115795722867173 0.0021245928129481331 0.0039150247498351831 0.0021799540086351321 0.0074997299737773471 0.0011813150252408811
leaf_count=9 17 8 2 10 2 34 15 8 25 35 217
internal_value=-4.28689e-10 -0.0291109 -0.0208526 -0.0312175 -0.0216402 -0.0383068 0.030571 -0.068954 0.0714965 0.0174674 -0.100512
internal_weight=0.0363874 0.0186388 0.0165983 0.0150257 0.0132221 0.0116086 0.0177486 0.00669705 0.00430455 0.0134441 0.00278203
internal_count=382 290 282 273 271 261 92 227 40 52 219
is_linear=0
shrinkage=0.1


Tree=87
num_leaves=8
num_cat=0
split_feature=1 0 0 0 0 1 0
split_gain=0.00297055 0.000894626 0.00154888 0.00243488 0.000777344 0.000888226 0.000375566
threshold=4.6850000000000014 1.0050000000000001 1.1600000000000001 1.2850000000000004 2.1900000000000008 4.535000000000001 1.2100000000000002
decision_type=2 2 2 2 2 2 2
left_child=1 -1 -3 -4 5 -5 -2
right_child=6 2 3 4 -6 -7 -8
leaf_value=0.0047030226610794042 0.064021532339929035 -0.091928900691621962 0.10127186777138736 -0.053951474883931386 -0.10025046093795618 0.013372282360056848 0.019392292551191816
leaf_weight=0.010341210362298625 0.0060153889688974171 0.0034815158381888986 0.0015385292217331434 0.0041100131642508586 0.0015073733184652891 0.0037456350631543955 0.0027465199450755207
leaf_count=39 34 13 7 37 204 14 34
internal_value=1.08153e-09 -0.0177306 -0.03386 -0.0153151 -0.0344727 -0.021851 0.050032
internal_weight=0.0334862 0.0247243 0.0143831 0.0109016 0.00936302 0.00785565 0.00876191
internal_count=382 314 275 262 255 51 68
is_linear=0
shrinkage=0.1


Tree=88
num_leaves=9
num_cat=0
split_feature=0 1 1 1 0 0 0 1
split_gain=0.00269733 0.00371305 0.00142933 0.000361784 0.000236298 4.32865e-06 1.12792e-08 8.16373e-10
threshold=2.1900000000000008 4.6450000000000005 4.705000000000001 4.2650000000000006 1.6100000000000001 1.1450000000000002 1.2100000000000002 4.6750000000000007
decision_type=2 2 2 2 2 2 2 2
left_child=1 3 -3 -1 5 -5 -4 -2
right_child=7 2 6 4 -6 -7 -8 -9
leaf_value=-0.050701094785928116 -0.10019507326114861 0.027079668361681242 0.10038864568380952 -0.0019243140296069071 -0.034572247846158199 -0.006982552510074346 0.10074399990353787 -0.10031147225802808
leaf_weight=0.0041462465283874659 0.0010411602474204021 0.010108875009253282 0.0019062175261821421 0.0033910932208982558 0.0042324415523244951 0.003376220354510906 0.0016808005194813846 0.001430291015068974
leaf_count=16 203 33 27 26 32 15 18 12
internal_value=1.48311e-11 0.00859145 0.0463232 -0.0255278 -0.016039 -0.00444787 0.100555 -0.100262
internal_weight=0.0313133 0.0288419 0.0136959 0.015146 0.0109998 0.00676731 0.00358702 0.00247145
internal_count=382 167 78 89 73 41 45 215
is_linear=0
shrinkage=0.1


Tree=89
num_leaves=11
num_cat=0
split_feature=1 1 0 0 0 1 1 1 1 0
split_gain=0.00246416 0.000747342 0.00129204 0.000836359 0.00198878 0.0011787 0.000713838 0.000380797 0.000328807 0.00030342
threshold=4.6450000000000005 4.6250000000000009 0.80000000000000016 0.82500000000000007 0.97500000000000009 4.5050000000000008 4.7250000000000005 4.535000000000001 4.7600000000000007 0.95500000000000007
decision_type=2 2 2 2 2 2 2 2 2 2
left_child=1 2 -1 -4 -5 -6 9 -7 -8 -2
right_child=6 -3 3 4 5 7 8 -9 -10 -11
leaf_value=0.075622307471985922 -0.0012035983595188413 -0.095582421034338852 -0.10122597540974371 0.098191375121244109 -0.100463374295634 -0.042813870793950298 0.10053166999471752 0.0033521661150536022 0.038672570332494917 0.032071826559664687
leaf_weight=0.0012534416910057198 0.0050108610172427959 0.0014951961144675794 0.001488698057073635 0.0012337130574451302 0.0022243153043541575 0.0032231789140695355 0.0016946696364638089 0.0040089299901377995 0.0017431266058125505 0.0060474750287513035
leaf_count=9 17 8 2 8 220 8 15 35 25 35
internal_value=1.04973e-09 -0.028518 -0.0210528 -0.0310026 -0.0212233 -0.0368025 0.0293666 -0.0172229 0.0691662 0.0169937
internal_weight=0.0294236 0.0149275 0.0134323 0.0121788 0.0106901 0.00945642 0.0144961 0.00723211 0.0034378 0.0110583
internal_count=382 290 282 273 271 263 92 43 40 52
is_linear=0
shrinkage=0.1


Tree=90
num_leaves=8
num_cat=0
split_feature=1 0 0 0 0 1 0
split_gain=0.00231648 0.000667101 0.00118481 0.00176682 0.000599937 0.000627319 0.000305582
threshold=4.6850000000000014 1.0050000000000001 1.1600000000000001 1.2850000000000004 2.1900000000000008 4.535000000000001 1.2100000000000002
decision_type=2 2 2 2 2 2 2
left_child=1 -1 -3 -4 5 -5 -2
right_child=6 2 3 4 -6 -7 -8
leaf_value=0.0036987156920581217 0.062371315440709285 -0.090920639856799199 0.1009884410026531 -0.05084947058384294 -0.10020167993401474 0.011478062440060655 0.018677309266409606
leaf_weight=0.0084037998747135134 0.0049276400420826807 0.0027280231830673083 0.0011344018133314648 0.0033818376682832607 0.0011251449663808033 0.0030906164262631819 0.0023706438300011845
leaf_count=39 34 13 7 37 204 14 34
internal_value=-7.13429e-10 -0.0177016 -0.0333947 -0.0154226 -0.032804 -0.0210879 0.0481785
internal_weight=0.0271621 0.0198638 0.01146 0.008732 0.0075976 0.00647245 0.00729828
internal_count=382 314 275 262 255 51 68
is_linear=0
shrinkage=0.1


Tree=91
num_leaves=8
num_cat=0
split_feature=0 1 0 1 1 0 0
split_gain=0.00216473 0.00292761 0.00082345 0.000483802 0.00038861 0.000206276 5.77275e-06
threshold=2.1900000000000008 4.6450000000000005 0.95500000000000007 4.6950000000000012 4.2650000000000006 1.6100000000000001 1.3150000000000002
decision_type=2 2 2 2 2 2 2
left_child=1 4 -3 -4 -1 6 -6
right_child=-2 2 3 -5 5 -7 -8
leaf_value=-0.054303801072437541 -0.10022628999968282 0.018657017316457487 0.041347054339031103 0.10054206785886451 -0.0052759557456025473 -0.033377957109002467 0.0012567102772136755
leaf_weight=0.0033588848094057164 0.0019871824772607341 0.0057154458288115606 0.0026025137660954378 0.002940916725426207 0.0028811896038405393 0.0034861504671512833 0.0025498345766123975
leaf_count=16 215 31 15 32 34 32 7
internal_value=-1.84856e-09 0.00846265 0.045291 0.0727514 -0.0253141 -0.0143944 -0.00220891
internal_weight=0.0255221 0.0235349 0.0112589 0.00554343 0.0122761 0.00891717 0.00543102
internal_count=382 167 78 47 89 73 41
is_linear=0
shrinkage=0.1


Tree=92
num_leaves=7
num_cat=0
split_feature=0 1 0 1 1 1
split_gain=0.00196006 0.00274737 0.000905981 0.000691697 0.000283715 0.000233389
threshold=2.1900000000000008 4.6850000000000014 0.93500000000000016 4.495000000000001 4.6450000000000005 4.2350000000000012
decision_type=2 2 2 2 2 2
left_child=1 3 -3 5 -5 -1
right_child=-2 2 -4 4 -6 -7
leaf_value=-0.025179628263500339 -0.10020776303797288 0.018084052046127296 0.10049367750349983 -0.013051114753502817 0.017649904926497668 -0.073954361233082036
leaf_weight=0.0020070012625774672 0.0018048898548825151 0.002177948723562472 0.0034427616216334833 0.0076394450837256045 0.004967248101003463 0.001919164064252854
leaf_count=14 215 16 41 42 21 33
internal_value=9.7701e-10 0.0081641 0.0685611 -0.0123692 -0.000954399 -0.0490214
internal_weight=0.0239585 0.0221536 0.00562071 0.0165329 0.0126067 0.00392617
internal_count=382 167 57 110 63 47
is_linear=0
shrinkage=0.1


Tree=93
num_leaves=8
num_cat=0
split_feature=0 1 1 0 1 0 0
split_gain=0.00178683 0.00254771 0.000629301 0.000760039 0.000361727 0.000156949 1.52905e-06
threshold=2.1900000000000008 4.6450000000000005 4.6850000000000014 0.93500000000000016 4.2650000000000006 1.6100000000000001 1.1450000000000002
decision_type=2 2 2 2 2 2 2
left_child=1 4 -3 -4 -1 6 -6
right_child=-2 2 3 -5 5 -7 -8
leaf_value=-0.054661492104685142 -0.10019184216214339 0.018378746876742232 0.02216080094303019 0.10045274691752458 -0.00042284982170431022 -0.030969418096203724 -0.0040537445519976687
leaf_weight=0.0030398237683062499 0.0016491731885525376 0.0047256847804248991 0.0020768747510592767 0.0030769630874752096 0.0022868738785746245 0.0032310799992365524 0.0023534038312575944
leaf_count=16 215 21 16 41 26 32 15
internal_value=-2.51573e-10 0.00794748 0.0447356 0.0689029 -0.0253623 -0.0140474 -0.00226433
internal_weight=0.0224399 0.0207907 0.00987952 0.00515384 0.0109112 0.00787136 0.00464028
internal_count=382 167 78 57 89 73 41
is_linear=0
shrinkage=0.1


Tree=94
num_leaves=9
num_cat=0
split_feature=1 1 1 1 0 0 1 0
split_gain=0.00170654 0.000589673 0.000513247 0.000585154 0.000694783 0.000361227 0.000233484 0.00011883
threshold=4.6450000000000005 4.7250000000000005 4.6250000000000009 4.495000000000001 0.97500000000000009 1.6650000000000003 4.7750000000000012 0.95500000000000007
decision_type=2 2 2 2 2 2 2 2
left_child=2 7 3 4 -1 -5 -3 -2
right_child=1 6 -4 5 -6 -7 -8 -9
leaf_value=-0.013430942698636289 0.0021065406439946545 0.10036583162128937 -0.095563957677598274 0.02293401392946649 -0.10041636974522328 -0.02635589545633615 0.039562092177721317 0.02680712818139518
leaf_weight=0.0020690742071565182 0.0036289408172014426 0.0013034123473937018 0.0010183486161170494 0.0030030908159517367 0.0016508942678269412 0.0029448396826322054 0.0012251409119142798 0.0042038472705797081
leaf_count=13 17 18 8 26 217 26 22 35
internal_value=-1.1754e-09 0.0289176 -0.0280384 -0.0209257 -0.0520344 -0.00146958 0.0709051 0.0153633
internal_weight=0.0210476 0.0103613 0.0106862 0.0096679 0.00371997 0.00594793 0.00252855 0.00783279
internal_count=382 92 290 282 230 52 40 52
is_linear=0
shrinkage=0.1


Tree=95
num_leaves=8
num_cat=0
split_feature=0 1 1 0 0 1 0
split_gain=0.00164006 0.00233307 0.000557369 0.00075215 0.000591538 0.00106338 0.000555425
threshold=2.1900000000000008 4.6850000000000014 4.2650000000000006 0.82500000000000007 1.1600000000000001 4.535000000000001 0.93500000000000016
decision_type=2 2 2 2 2 2 2
left_child=1 2 -1 -4 -5 -6 -3
right_child=-2 6 3 4 5 -7 -8
leaf_value=-0.052265408065647723 -0.10018363828442976 0.028824822477640306 0.038417392654471999 -0.060758098557847418 -0.04786766373373582 0.039295710884243759 0.10039135018961579
leaf_weight=0.0027508823337485397 0.0015105224795153504 0.0018404037009701049 0.0032610668591814837 0.0023473136747327317 0.0026032156991449007 0.003027335313454671 0.0026400832755080414
leaf_count=16 215 16 14 29 30 21 41
internal_value=9.5626e-10 0.00819313 -0.0119202 -0.00204514 -0.0185848 -0.0010032 0.0709947
internal_weight=0.0199808 0.0184703 0.0139898 0.0112389 0.00797786 0.00563055 0.00448049
internal_count=382 167 110 94 80 51 57
is_linear=0
shrinkage=0.1


Tree=96
num_leaves=6
num_cat=0
split_feature=0 1 1 1 1
split_gain=0.00148829 0.00212666 0.000816551 0.000241209 0.00108418
threshold=2.1900000000000008 4.6450000000000005 4.705000000000001 4.2650000000000006 4.5250000000000012
decision_type=2 2 2 2 2
left_child=1 3 -3 -1 -5
right_child=-2 2 -4 4 -6
leaf_value=-0.050822271881266236 -0.10016882136341543 0.027005353815876005 0.10035149103445268 0.055347499352320001 -0.038493297953059488
leaf_weight=0.0025750590989228606 0.0013722775869929931 0.0058424892646313786 0.0020505814997719279 0.0016503913852261576 0.0048468870867566238
leaf_count=16 215 33 45 36 37
internal_value=-7.6412e-10 0.00810233 0.0460603 -0.0249217 -0.0146565
internal_weight=0.0183377 0.0169654 0.00789307 0.00907234 0.00649728
internal_count=382 167 78 89 73
is_linear=0
shrinkage=0.1


Tree=97
num_leaves=8
num_cat=0
split_feature=1 1 0 0 0 0 1
split_gain=0.00135902 0.00046583 0.000632511 0.000464188 0.000422971 0.000641718 0.000176778
threshold=4.6850000000000014 4.495000000000001 0.97500000000000009 0.82500000000000007 1.1600000000000001 1.6650000000000003 4.7250000000000005
decision_type=2 2 2 2 2 2 2
left_child=1 2 -1 -3 -5 -6 -2
right_child=6 3 -4 4 5 -7 -8
leaf_value=-0.010212831867466021 0.030190684326965079 0.031401227880364362 -0.10034537431413891 -0.058382499339581222 0.034141308007915587 -0.036539157400253139 0.070972348958315265
leaf_weight=0.0017807712615649516 0.0023389107052878824 0.0025282376975042098 0.0013834499079394963 0.001934323733905785 0.0024085853328905671 0.0027524564362254866 0.0019483259135885736
leaf_count=13 28 10 217 26 18 30 40
internal_value=-3.65391e-10 -0.0163351 -0.0496203 -0.00539102 -0.0185009 -0.00355358 0.0487238
internal_weight=0.0170751 0.0127878 0.00316422 0.0096236 0.00709537 0.00516104 0.00428724
internal_count=382 314 230 84 74 48 68
is_linear=0
shrinkage=0.1


Tree=98
num_leaves=7
num_cat=0
split_feature=0 1 1 0 1 1
split_gain=0.00134408 0.00184907 0.000388446 0.000481837 0.000225551 0.000248032
threshold=2.1900000000000008 4.6450000000000005 4.6850000000000014 0.93500000000000016 4.495000000000001 4.2350000000000012
decision_type=2 2 2 2 2 2
left_child=1 4 -3 -4 5 -1
right_child=-2 2 3 -5 -6 -7
leaf_value=-0.018271263919822124 -0.10015743889676849 0.022289268690732351 0.024397242381517813 0.10032822672026771 -0.01177079906832286 -0.077441985371720604
leaf_weight=0.0014713404743345038 0.0012372640414664007 0.0033479699633041102 0.001391829912726017 0.0020916531087574949 0.0052522257302882736 0.0013662502469617976
leaf_count=14 215 21 16 41 42 33
internal_value=-7.42402e-10 0.008305 0.0466127 0.0699899 -0.024044 -0.0467609
internal_weight=0.0161585 0.0149213 0.00683145 0.00348348 0.00808982 0.00283759
internal_count=382 167 78 57 89 47
is_linear=0
shrinkage=0.1


Tree=99
num_leaves=7
num_cat=0
split_feature=0 1 1 0 1 0
split_gain=0.00122068 0.00173872 0.00036349 0.000409834 0.000225769 0.000389869
threshold=2.1900000000000008 4.6450000000000005 4.6850000000000014 0.93500000000000016 4.495000000000001 0.85500000000000009
decision_type=2 2 2 2 2 2
left_child=1 4 -3 -4 5 -1
right_child=-2 2 3 -5 -6 -7
leaf_value=-0.013503650283918395 -0.10014468657260832 0.022556081822886848 0.027799584380899196 0.10030190742623163 -0.011539559500218814 -0.090275144913860308
leaf_weight=0.001490365915287839 0.0011266498860366516 0.0031855625381780328 0.0013322470111792606 0.0018796871365358708 0.0049483571046664565 0.0011893715351806167
leaf_count=10 215 21 16 41 42 37
internal_value=-7.49872e-11 0.00804444 0.046491 0.0702294 -0.0241997 -0.0475778
internal_weight=0.0151522 0.0140256 0.0063975 0.00321193 0.00762809 0.00267974
internal_count=382 167 78 57 89 47
is_linear=0
shrinkage=0.1


end of trees

feature_importances:
Proximity_(km)=612
AvgRating=584

parameters:
[boosting: gbdt]
[objective: lambdarank]
[metric: ndcg]
[tree_learner: serial]
[device_type: cpu]
[data_sample_strategy: bagging]
[data: ]
[valid: ]
[num_iterations: 100]
[learning_rate: 0.1]
[num_leaves: 31]
[num_threads: 0]
[seed: 0]
[deterministic: 0]
[force_col_wise: 0]
[force_row_wise: 0]
[histogram_pool_size: -1]
[max_depth: -1]
[min_data_in_leaf: 20]
[min_sum_hessian_in_leaf: 0.001]
[bagging_fraction: 1]
[pos_bagging_fraction: 1]
[neg_bagging_fraction: 1]
[bagging_freq: 0]
[bagging_seed: 3]
[bagging_by_query: 0]
[feature_fraction: 1]
[feature_fraction_bynode: 1]
[feature_fraction_seed: 2]
[extra_trees: 0]
[extra_seed: 6]
[early_stopping_round: 0]
[early_stopping_min_delta: 0]
[first_metric_only: 0]
[max_delta_step: 0]
[lambda_l1: 0]
[lambda_l2: 0]
[linear_lambda: 0]
[min_gain_to_split: 0]
[drop_rate: 0.1]
[max_drop: 50]
[skip_drop: 0.5]
[xgboost_dart_mode: 0]
[uniform_drop: 0]
[drop_seed: 4]
[top_rate: 0.2]
[other_rate: 0.1]
[min_data_per_group: 100]
[max_cat_threshold: 32]
[cat_l2: 10]
[cat_smooth: 10]
[max_cat_to_onehot: 4]
[top_k: 20]
[monotone_constraints: ]
[monotone_constraints_method: basic]
[monotone_penalty: 0]
[feature_contri: ]
[forcedsplits_filename: ]
[refit_decay_rate: 0.9]
[cegb_tradeoff: 1]
[cegb_penalty_split: 0]
[cegb_penalty_feature_lazy: ]
[cegb_penalty_feature_coupled: ]
[path_smooth: 0]
[interaction_constraints: ]
[verbosity: 1]
[saved_feature_importance_type: 0]
[use_quantized_grad: 0]
[num_grad_quant_bins: 4]
[quant_train_renew_leaf: 0]
[stochastic_rounding: 1]
[linear_tree: 0]
[max_bin: 255]
[max_bin_by_feature: ]
[min_data_in_bin: 3]
[bin_construct_sample_cnt: 200000]
[data_random_seed: 1]
[is_enable_sparse: 1]
[enable_bundle: 1]
[use_missing: 1]
[zero_as_missing: 0]
[feature_pre_filter: 1]
[pre_partition: 0]
[two_round: 0]
[header: 0]
[label_column: ]
[weight_column: ]
[group_column: ]
[ignore_column: ]
[categorical_feature: ]
[forcedbins_filename: ]
[precise_float_parser: 0]
[parser_config_file: ]
[objective_seed: 5]
[num_class: 1]
[is_unbalance: 0]
[scale_pos_weight: 1]
[sigmoid: 1]
[boost_from_average: 1]
[reg_sqrt: 0]
[alpha: 0.9]
[fair_c: 1]
[poisson_max_delta_step: 0.7]
[tweedie_variance_power: 1.5]
[lambdarank_truncation_level: 30]
[lambdarank_norm: 1]
[label_gain: ]
[lambdarank_position_bias_regularization: 0]
[eval_at: 1]
[multi_error_top_k: 1]
[auc_mu_weights: ]
[num_machines: 1]
[local_listen_port: 12400]
[time_out: 120]
[machine_list_filename: ]
[machines: ]
[gpu_platform_id: -1]
[gpu_device_id: -1]
[gpu_use_dp: 0]
[num_gpu: 1]

end of parameters

pandas_categorical:[]
